{
"type": "FeatureCollection",
"name": "Supiori",
"crs": { "type": "name", "properties": { "name": "urn:ogc:def:crs:OGC:1.3:CRS84" } },
"features": [
{ "type": "Feature", "properties": { "OID_": 1, "Shape_Leng": 0.02640771907, "Panjang": 2.7, "Status": "Jalan Kabupaten", "Kd_Inf": "001", "Nm_Ruas": "Sorendiweri - Pasar Sentral", "Fungsi": "Kolektor Primer", "Mendukung": "PKW", "Ura_Dukung": "Ruas utama penghubung pusat kegiatan", "Kd_Bd_PU": "02", "Kd_Jns_Inf": "01", "Kab_Kot": "Supiori", "Kecamatan": "Supiori Timur", "Desa_Kel": "Sorendidori, Marsram", "Km_Awal": "0+000", "Km_Akhir": "2+700", "Nm_Lintas": "-", "Jns_Pen": "Pemeliharaan", "Kd_Patok": "-", "Propinsi": "Papua", "Tk_Ruas_Aw": "RSUD Kab. Supiori", "Tk_Ruas_Ak": "Pasar Sentra", "Kl_Dat_Das": "Jalan Non Tol", "Tipe_Keras": "Aspal", "Kon_Baik": 2.7, "Kon_Sdg": 0.0, "Kon_Rgn": 0.0, "Kon_Rusak": 0.0, "Kon_T_Mntp": 0.0, "Kon_Mntp": 2.7, "Koord_X_Aw": 135.73634737200001, "Koord_Y_Aw": -0.734004691, "Koord_X_Ak": 135.72581635200001, "Koord_Y_Ak": -0.7557569966, "Lbr_Keras": 12.0, "LHRT": 50.0, "VCR": 0.0, "MST": 0.0, "Tanah_Kri": 0.0, "Macadam": 0.0, "Aspal": 100.0, "Rigid": 0.0, "Thn_Data": 2025, "Tipe_Jln": 2, "Thn_Pen_Ak": 2025 }, "geometry": { "type": "MultiLineString", "coordinates": [ [ [ 135.736347372000097, -0.734004690999882, 0.0 ], [ 135.736114973000099, -0.734524970999871, 0.0 ], [ 135.736019691000024, -0.73497438499993, 0.0 ], [ 135.735976814000082, -0.735125247999974, 0.0 ], [ 135.735911704000046, -0.735752521999927, 0.0 ], [ 135.735867239000186, -0.736413144999972, 0.0 ], [ 135.735860887000058, -0.737000717999877, 0.0 ], [ 135.735814834000053, -0.737361201999875, 0.0 ], [ 135.735748137000087, -0.737820143999954, 0.0 ], [ 135.735625858000049, -0.738302905999888, 0.0 ], [ 135.735408297000049, -0.73880948999988, 0.0 ], [ 135.73511451100012, -0.739470111999935, 0.0 ], [ 135.734995408000032, -0.73971308199998, 0.0 ], [ 135.734776259000114, -0.740167259999964, 0.0 ], [ 135.734630160000052, -0.740507098999956, 0.0 ], [ 135.734379250000075, -0.741129608999927, 0.0 ], [ 135.734052115000054, -0.741912509999963, 0.0 ], [ 135.733694807000234, -0.742768460999912, 0.0 ], [ 135.733189812000091, -0.743668876999891, 0.0 ], [ 135.73264194, -0.744591524999919, 0.0 ], [ 135.731968613000049, -0.745642803999942, 0.0 ], [ 135.731247645000053, -0.746616269999947, 0.0 ], [ 135.730731534000029, -0.747291184999938, 0.0 ], [ 135.730091556000048, -0.748253533999957, 0.0 ], [ 135.729216549000057, -0.749287344999971, 0.0 ], [ 135.728795719000232, -0.749809807999952, 0.0 ], [ 135.728562278000027, -0.750219520999906, 0.0 ], [ 135.727952473000073, -0.751250155999912, 0.0 ], [ 135.727436361000173, -0.752074345999915, 0.0 ], [ 135.726912310000102, -0.753090688999976, 0.0 ], [ 135.726521653000191, -0.753829124999868, 0.0 ], [ 135.72610876400006, -0.755039207999914, 0.0 ], [ 135.725825883000198, -0.75573, 0.0 ], [ 135.725816352140328, -0.755756996595949, 0.0 ] ] ] } },
{ "type": "Feature", "properties": { "OID_": 1, "Shape_Leng": 0.04172106847, "Panjang": 4.5, "Status": "Jalan Kabupaten", "Kd_Inf": "002", "Nm_Ruas": "Pasar Sentral - Marsram", "Fungsi": "Kolektor Primer", "Mendukung": "PKW", "Ura_Dukung": "Lintas distrik", "Kd_Bd_PU": "02", "Kd_Jns_Inf": "01", "Kab_Kot": "Supiori", "Kecamatan": "Supiori Timur", "Desa_Kel": "Marsram", "Km_Awal": "0+000", "Km_Akhir": "4+500", "Nm_Lintas": "-", "Jns_Pen": "Pemeliharaan", "Kd_Patok": "-", "Propinsi": "Papua", "Tk_Ruas_Aw": "Asrama Taruna SMK Negeri 1 Supiori", "Tk_Ruas_Ak": "RSUD Kab. Supiori", "Kl_Dat_Das": "Jalan Non Tol", "Tipe_Keras": "Macadam", "Kon_Baik": 0.0, "Kon_Sdg": 0.0, "Kon_Rgn": 0.0, "Kon_Rusak": 4.5, "Kon_T_Mntp": 4.5, "Kon_Mntp": 0.0, "Koord_X_Aw": 135.72581635200001, "Koord_Y_Aw": -0.7557569966, "Koord_X_Ak": 135.70802234499999, "Koord_Y_Ak": -0.78800622520999997, "Lbr_Keras": 6.0, "LHRT": 50.0, "VCR": 0.0, "MST": 0.0, "Tanah_Kri": 0.0, "Macadam": 100.0, "Aspal": 0.0, "Rigid": 0.0, "Thn_Data": 2025, "Tipe_Jln": 2, "Thn_Pen_Ak": 2025 }, "geometry": { "type": "MultiLineString", "coordinates": [ [ [ 135.725816352140328, -0.755756996595949, 0.0 ], [ 135.725655000000188, -0.756074999999896, 0.0 ], [ 135.725373504000117, -0.756562132999875, 0.0 ], [ 135.724870097000121, -0.757459372999961, 0.0 ], [ 135.72481225200022, -0.757572582999899, 0.0 ], [ 135.72446, -0.758149999999887, 0.0 ], [ 135.724028934000103, -0.758562163999898, 0.0 ], [ 135.723572374000128, -0.758926915999893, 0.0 ], [ 135.723430940000185, -0.75915023399989, 0.0 ], [ 135.723279580000053, -0.759644012999956, 0.0 ], [ 135.723157996000168, -0.760080722999874, 0.0 ], [ 135.723100926000029, -0.760423142999969, 0.0 ], [ 135.723095964000322, -0.760802782999917, 0.0 ], [ 135.723205141000221, -0.761760565999964, 0.0 ], [ 135.723279580000053, -0.762276677999921, 0.0 ], [ 135.723296949000201, -0.762400742999887, 0.0 ], [ 135.723314318000121, -0.762529770999834, 0.0 ], [ 135.723289505000253, -0.762676167999928, 0.0 ], [ 135.723148071000082, -0.763003699999956, 0.0 ], [ 135.722835427000177, -0.763641394999979, 0.0 ], [ 135.722435937000114, -0.764795201999959, 0.0 ], [ 135.722212619000175, -0.76534108899989, 0.0 ], [ 135.722063741000056, -0.765723209999976, 0.0 ], [ 135.721949601000233, -0.766254208999953, 0.0 ], [ 135.721976895000012, -0.766445269999963, 0.0 ], [ 135.722024040000065, -0.76668595599989, 0.0 ], [ 135.722046372000023, -0.766891904999966, 0.0 ], [ 135.722033965000151, -0.767087927999853, 0.0 ], [ 135.721994264000159, -0.767281468999954, 0.0 ], [ 135.721882606000122, -0.767417940999962, 0.0 ], [ 135.721517854000126, -0.767812468999921, 0.0 ], [ 135.720860308000056, -0.768385649999914, 0.0 ], [ 135.720158099000173, -0.768862060999936, 0.0 ], [ 135.719619656000077, -0.769345914999974, 0.0 ], [ 135.719346712000061, -0.769648633999964, 0.0 ], [ 135.719150689000116, -0.769827287999931, 0.0 ], [ 135.718996848000074, -0.770028273999969, 0.0 ], [ 135.718885189000048, -0.770224296999913, 0.0 ], [ 135.71879834400022, -0.77038309999989, 0.0 ], [ 135.718728867000209, -0.770559272999947, 0.0 ], [ 135.71868668500008, -0.770827253999869, 0.0 ], [ 135.718709017000037, -0.771452542999953, 0.0 ], [ 135.718721423000147, -0.771651046999921, 0.0 ], [ 135.718699092000179, -0.771933915999966, 0.0 ], [ 135.718634578000092, -0.772127457999829, 0.0 ], [ 135.718232606000129, -0.772787484999981, 0.0 ], [ 135.717661906000103, -0.773891664999951, 0.0 ], [ 135.717463402000021, -0.774261379999928, 0.0 ], [ 135.717220234000024, -0.774516953999978, 0.0 ], [ 135.716577576000077, -0.77505539699996, 0.0 ], [ 135.716031689000147, -0.775437517999876, 0.0 ], [ 135.715875367000194, -0.775611209999965, 0.0 ], [ 135.71553294700027, -0.776107469999886, 0.0 ], [ 135.715309629000103, -0.776531773999977, 0.0 ], [ 135.715267447000201, -0.776737721999893, 0.0 ], [ 135.715200452000204, -0.777045403999864, 0.0 ], [ 135.715073905000168, -0.777375416999973, 0.0 ], [ 135.714644640000074, -0.777990780999914, 0.0 ], [ 135.714068786000212, -0.778616889999967, 0.0 ], [ 135.71392258000003, -0.778774872999975, 0.0 ], [ 135.713597529000026, -0.779122255999937, 0.0 ], [ 135.713463539000145, -0.779417530999922, 0.0 ], [ 135.713443688000211, -0.779732656999897, 0.0 ], [ 135.71340646800013, -0.77992123599995, 0.0 ], [ 135.713299772000028, -0.78012966599988, 0.0 ], [ 135.713016904000028, -0.780558930999973, 0.0 ], [ 135.712791105000065, -0.780824430999814, 0.0 ], [ 135.71252808700001, -0.781027897999934, 0.0 ], [ 135.711875503000215, -0.781479494999928, 0.0 ], [ 135.711418943000012, -0.781797101999928, 0.0 ], [ 135.711257659000012, -0.781928610999955, 0.0 ], [ 135.710967346000075, -0.782268549999912, 0.0 ], [ 135.710473566000132, -0.78278217999997, 0.0 ], [ 135.710213029000101, -0.783077455999887, 0.0 ], [ 135.709843315000057, -0.783605973999897, 0.0 ], [ 135.709553002000121, -0.784060051999916, 0.0 ], [ 135.70942397400006, -0.784275925999907, 0.0 ], [ 135.709245320000036, -0.784481873999937, 0.0 ], [ 135.708957489000113, -0.784797, 0.0 ], [ 135.708510854000224, -0.785313110999937, 0.0 ], [ 135.708170915000096, -0.785655530999861, 0.0 ], [ 135.708054294000135, -0.785796965999907, 0.0 ], [ 135.707984818000227, -0.785898698999972, 0.0 ], [ 135.707925266000075, -0.786015319999876, 0.0 ], [ 135.707885565000083, -0.78617660499998, 0.0 ], [ 135.707893009000031, -0.78644954899994, 0.0 ], [ 135.708004668000058, -0.787216271999966, 0.0 ], [ 135.708074144535885, -0.787705088996404, 0.0 ], [ 135.708074144535885, -0.787791934663517, 0.0 ], [ 135.708079107145409, -0.787861336416483, 0.0 ], [ 135.708069464726805, -0.787915860804844, 0.0 ], [ 135.708022344771223, -0.788006225205048, 0.0 ] ] ] } },
{ "type": "Feature", "properties": { "OID_": 1, "Shape_Leng": 0.09423268127, "Panjang": 10.1, "Status": "Jalan Kabupaten", "Kd_Inf": "004", "Nm_Ruas": "Wakre - Yendoker", "Fungsi": "Kolektor Primer", "Mendukung": "PKW", "Ura_Dukung": "Lintas distrik", "Kd_Bd_PU": "02", "Kd_Jns_Inf": "01", "Kab_Kot": "Supiori", "Kecamatan": "Supiori Timur", "Desa_Kel": "Marsram, Wombonda", "Km_Awal": "0+000", "Km_Akhir": "10+100", "Nm_Lintas": "-", "Jns_Pen": "Pemeliharaan", "Kd_Patok": "-", "Propinsi": "Papua", "Tk_Ruas_Aw": "Jalan Yendoker - Korido", "Tk_Ruas_Ak": "Gereja GKI Kanaan Wakre", "Kl_Dat_Das": "Jalan Non Tol", "Tipe_Keras": "Macadam", "Kon_Baik": 2.0, "Kon_Sdg": 0.6, "Kon_Rgn": 6.7, "Kon_Rusak": 0.8, "Kon_T_Mntp": 7.5, "Kon_Mntp": 2.6, "Koord_X_Aw": 135.69047108300001, "Koord_Y_Aw": -0.805212689, "Koord_X_Ak": 135.655817963, "Koord_Y_Ak": -0.86977796974, "Lbr_Keras": 6.0, "LHRT": 50.0, "VCR": 0.0, "MST": 0.0, "Tanah_Kri": 0.0, "Macadam": 100.0, "Aspal": 0.0, "Rigid": 0.0, "Thn_Data": 2025, "Tipe_Jln": 2, "Thn_Pen_Ak": 2025 }, "geometry": { "type": "MultiLineString", "coordinates": [ [ [ 135.690471083000034, -0.805212688999916, 0.0 ], [ 135.690335239000206, -0.805805041999918, 0.0 ], [ 135.690253090000056, -0.806048527999906, 0.0 ], [ 135.690187963000085, -0.806207643999926, 0.0 ], [ 135.690036987000212, -0.806483692999961, 0.0 ], [ 135.689760198000045, -0.806912938999915, 0.0 ], [ 135.689527813000154, -0.807260774999918, 0.0 ], [ 135.689282108000157, -0.807635994999885, 0.0 ], [ 135.688996437000014, -0.808021574999884, 0.0 ], [ 135.688785515000177, -0.808248778999882, 0.0 ], [ 135.68872482900008, -0.808332407999956, 0.0 ], [ 135.688707067000109, -0.808388653999884, 0.0 ], [ 135.68868856500012, -0.808460441999898, 0.0 ], [ 135.688690785000176, -0.808669143999907, 0.0 ], [ 135.688690785000176, -0.808752031999973, 0.0 ], [ 135.688644160000081, -0.808977015999915, 0.0 ], [ 135.688561272000015, -0.809328552999943, 0.0 ], [ 135.688548690000061, -0.809448445999919, 0.0 ], [ 135.688573853000094, -0.809546135999938, 0.0 ], [ 135.688653041000066, -0.80962532399991, 0.0 ], [ 135.688843981000218, -0.809671948999949, 0.0 ], [ 135.689025301000129, -0.809711172999926, 0.0 ], [ 135.689296909000063, -0.809777779999934, 0.0 ], [ 135.689439004000178, -0.809858448999933, 0.0 ], [ 135.689521153000101, -0.809943557999873, 0.0 ], [ 135.689646966000169, -0.810251429999937, 0.0 ], [ 135.689750577000041, -0.810569663999956, 0.0 ], [ 135.689820144000123, -0.810942662999935, 0.0 ], [ 135.689885271000207, -0.811237953999921, 0.0 ], [ 135.689911914000049, -0.811434074999909, 0.0 ], [ 135.689914874000124, -0.81154656699988, 0.0 ], [ 135.689897852000058, -0.811928446999957, 0.0 ], [ 135.689927456000078, -0.812288124999952, 0.0 ], [ 135.689995543000123, -0.812664824999956, 0.0 ], [ 135.690039207000154, -0.812863905999905, 0.0 ], [ 135.690062890000036, -0.813085928999897, 0.0 ], [ 135.690079172000196, -0.813513693999937, 0.0 ], [ 135.69007769100017, -0.813808244999962, 0.0 ], [ 135.690045868000084, -0.814036188999921, 0.0 ], [ 135.689935596000055, -0.814509098999963, 0.0 ], [ 135.689749097000117, -0.81491392199996, 0.0 ], [ 135.689581099000065, -0.815164067999888, 0.0 ], [ 135.689497470000219, -0.815257317999965, 0.0 ], [ 135.689367957000059, -0.81535944899997, 0.0 ], [ 135.689111890000049, -0.815500062999888, 0.0 ], [ 135.688820299000213, -0.815654, 0.0 ], [ 135.688473942000087, -0.815924867999968, 0.0 ], [ 135.687874479000129, -0.816321549999941, 0.0 ], [ 135.68732312100019, -0.816666425999927, 0.0 ], [ 135.687100358000066, -0.816856625999947, 0.0 ], [ 135.687015249000069, -0.816958756999952, 0.0 ], [ 135.686863533000178, -0.817196321999916, 0.0 ], [ 135.686626708000176, -0.817507894999949, 0.0 ], [ 135.686347698000191, -0.817808366999941, 0.0 ], [ 135.685942876000126, -0.818166563999966, 0.0 ], [ 135.685730473000035, -0.818401908999931, 0.0 ], [ 135.685543974000097, -0.818637253999952, 0.0 ], [ 135.685173935000194, -0.819070939999961, 0.0 ], [ 135.68490676700003, -0.819311464999942, 0.0 ], [ 135.684469380000223, -0.819742189999886, 0.0 ], [ 135.68408232000013, -0.820129250999912, 0.0 ], [ 135.683901001000208, -0.820346093999945, 0.0 ], [ 135.683728562000169, -0.820685049999895, 0.0 ], [ 135.683628652000039, -0.820910032999961, 0.0 ], [ 135.68346583500022, -0.821183121999979, 0.0 ], [ 135.6834132890001, -0.821304494999936, 0.0 ], [ 135.683411069000158, -0.82157462299989, 0.0 ], [ 135.683429571000033, -0.821770743999934, 0.0 ], [ 135.683443632000035, -0.822083056999929, 0.0 ], [ 135.683426611000186, -0.82262035399998, 0.0 ], [ 135.683432531000108, -0.823053298999923, 0.0 ], [ 135.683429571000033, -0.823538049999968, 0.0 ], [ 135.683385906000126, -0.823899207999943, 0.0 ], [ 135.683308938000096, -0.824118270999918, 0.0 ], [ 135.683203107000168, -0.824367677999874, 0.0 ], [ 135.682995145000177, -0.824641506999967, 0.0 ], [ 135.682733158000019, -0.824934576999965, 0.0 ], [ 135.682421585000156, -0.825318677999974, 0.0 ], [ 135.682329075000098, -0.825454111999875, 0.0 ], [ 135.682238785000095, -0.82558954599989, 0.0 ], [ 135.682107792000011, -0.825691676999895, 0.0 ], [ 135.681990119000147, -0.825824150999949, 0.0 ], [ 135.681832483000107, -0.826015090999931, 0.0 ], [ 135.681742933000123, -0.826143864999949, 0.0 ], [ 135.681636362000063, -0.826369588999967, 0.0 ], [ 135.681592697000156, -0.826586430999953, 0.0 ], [ 135.681488346000151, -0.826969051999924, 0.0 ], [ 135.681386216000192, -0.82725990199998, 0.0 ], [ 135.681274464000012, -0.82759737799995, 0.0 ], [ 135.681220438000196, -0.827806079999959, 0.0 ], [ 135.681155311000225, -0.827966676999949, 0.0 ], [ 135.681087964000199, -0.828100630999927, 0.0 ], [ 135.680851879000102, -0.828377419999924, 0.0 ], [ 135.680506263000098, -0.828743758999906, 0.0 ], [ 135.680431515, -0.828825166999934, 0.0 ], [ 135.680297561000089, -0.828882152999938, 0.0 ], [ 135.680177668000056, -0.828921377999961, 0.0 ], [ 135.679934923000133, -0.828936178999868, 0.0 ], [ 135.679671455000175, -0.828939878999904, 0.0 ], [ 135.679439811000179, -0.829022767999902, 0.0 ], [ 135.679345821000197, -0.829081233999887, 0.0 ], [ 135.679221488000167, -0.829190025999935, 0.0 ], [ 135.679130458000031, -0.829352102999906, 0.0 ], [ 135.679034988000012, -0.829616310999938, 0.0 ], [ 135.679020926000021, -0.82976950699998, 0.0 ], [ 135.6790379480002, -0.830031493999968, 0.0 ], [ 135.679094934000091, -0.830395612999894, 0.0 ], [ 135.679137119000188, -0.830639097999892, 0.0 ], [ 135.679148220000116, -0.830721986999947, 0.0 ], [ 135.679134898000029, -0.830823377999877, 0.0 ], [ 135.679054970000038, -0.831015797999896, 0.0 ], [ 135.678851449000149, -0.831413959999963, 0.0 ], [ 135.67873303600004, -0.83163006299992, 0.0 ], [ 135.678690852000045, -0.831757355999969, 0.0 ], [ 135.678659028000084, -0.831900190999875, 0.0 ], [ 135.678622764000011, -0.831981599999949, 0.0 ], [ 135.678497691000189, -0.832188081999902, 0.0 ], [ 135.678293430000053, -0.832447848999891, 0.0 ], [ 135.678140234000011, -0.832683933999874, 0.0 ], [ 135.678020341000092, -0.8328978159999, 0.0 ], [ 135.67796557500003, -0.832969603999913, 0.0 ], [ 135.677930792000097, -0.833014008999953, 0.0 ], [ 135.677876766000054, -0.833047311999962, 0.0 ], [ 135.6777983180001, -0.83306803399995, 0.0 ], [ 135.677729490000161, -0.83306803399995, 0.0 ], [ 135.677583695000067, -0.833067293999932, 0.0 ], [ 135.677280263000171, -0.833044351999945, 0.0 ], [ 135.67720699500012, -0.833049531999961, 0.0 ], [ 135.677135208000209, -0.833065073999876, 0.0 ], [ 135.677089323000018, -0.833123539999917, 0.0 ], [ 135.677077482000186, -0.833196807999968, 0.0 ], [ 135.677044918000206, -0.833578687999932, 0.0 ], [ 135.676978311000084, -0.833899881999969, 0.0 ], [ 135.676846577000219, -0.834272140999929, 0.0 ], [ 135.676686720000021, -0.834625157999938, 0.0 ], [ 135.676559427000029, -0.834938951999959, 0.0 ], [ 135.67652316300007, -0.835076605999973, 0.0 ], [ 135.676478759000133, -0.835232761999919, 0.0 ], [ 135.676441755000042, -0.835502150999901, 0.0 ], [ 135.676404011000159, -0.835868488999949, 0.0 ], [ 135.676343324000186, -0.836175621999871, 0.0 ], [ 135.676315201000079, -0.836265910999884, 0.0 ], [ 135.676277457000197, -0.836346579999883, 0.0 ], [ 135.676233793000051, -0.836381363999919, 0.0 ], [ 135.676183467000214, -0.83639246499996, 0.0 ], [ 135.676131662000103, -0.836382843999957, 0.0 ], [ 135.676088737000214, -0.836355460999926, 0.0 ], [ 135.676019170000018, -0.836247408999952, 0.0 ], [ 135.675953303000028, -0.836118635999981, 0.0 ], [ 135.675828230000207, -0.835793741999964, 0.0 ], [ 135.675717958000178, -0.835585779999917, 0.0 ], [ 135.675611387000117, -0.835457745999975, 0.0 ], [ 135.675386403000175, -0.835203158999889, 0.0 ], [ 135.675101473000041, -0.834914528999889, 0.0 ], [ 135.674906833000136, -0.834710266999934, 0.0 ], [ 135.674775839000063, -0.834656981999899, 0.0 ], [ 135.674645585, -0.834645880999972, 0.0 ], [ 135.674508671000012, -0.834679183999867, 0.0 ], [ 135.674416161000181, -0.83476947399987, 0.0 ], [ 135.67435251500001, -0.83488122499989, 0.0 ], [ 135.674336233000076, -0.834939691999921, 0.0 ], [ 135.674339193000037, -0.835014438999906, 0.0 ], [ 135.674374717000092, -0.835103988999947, 0.0 ], [ 135.674473147000072, -0.835200198999928, 0.0 ], [ 135.674610802000188, -0.835289747999923, 0.0 ], [ 135.674665568000137, -0.835352654999895, 0.0 ], [ 135.674687770000219, -0.835430362999944, 0.0 ], [ 135.674660387000131, -0.835691610999959, 0.0 ], [ 135.674644105000198, -0.835949157999949, 0.0 ], [ 135.674643365000179, -0.836109014999977, 0.0 ], [ 135.674636704000022, -0.836245928999915, 0.0 ], [ 135.67459822, -0.836368781999965, 0.0 ], [ 135.674528653000039, -0.836470912999971, 0.0 ], [ 135.674453905000064, -0.836542700999871, 0.0 ], [ 135.674386558000151, -0.836564162999878, 0.0 ], [ 135.674277767000035, -0.836573043999977, 0.0 ], [ 135.674095707000106, -0.83654047999994, 0.0 ], [ 135.674004678000188, -0.836516057999972, 0.0 ], [ 135.673716047000198, -0.836347319999959, 0.0 ], [ 135.673607996000214, -0.836264430999961, 0.0 ], [ 135.673522887000104, -0.836240748999955, 0.0 ], [ 135.673425197000029, -0.836239268999975, 0.0 ], [ 135.673214275000191, -0.836291813999878, 0.0 ], [ 135.672921204000204, -0.836365821999891, 0.0 ], [ 135.672778369000184, -0.836445749999939, 0.0 ], [ 135.672686599000031, -0.836536779999904, 0.0 ], [ 135.672638494000125, -0.836600426999951, 0.0 ], [ 135.672612591000188, -0.836715138999921, 0.0 ], [ 135.672614071000112, -0.836868334999906, 0.0 ], [ 135.67263775400022, -0.83729239999991, 0.0 ], [ 135.672624432000021, -0.837427093999963, 0.0 ], [ 135.67260001000011, -0.837506281999936, 0.0 ], [ 135.67253118300016, -0.837618773999907, 0.0 ], [ 135.672446814000068, -0.837680939999927, 0.0 ], [ 135.672351344000162, -0.837717943999962, 0.0 ], [ 135.67221961000007, -0.83770906299992, 0.0 ], [ 135.672042731000033, -0.837661697999977, 0.0 ], [ 135.671745220000048, -0.837599531999899, 0.0 ], [ 135.671617926000181, -0.837578809999968, 0.0 ], [ 135.671503214000154, -0.837601011999936, 0.0 ], [ 135.671347798000056, -0.837634315999935, 0.0 ], [ 135.671240487000091, -0.837685380999915, 0.0 ], [ 135.671085810000022, -0.837780110999915, 0.0 ], [ 135.671027344000208, -0.83783709699992, 0.0 ], [ 135.670956297000089, -0.837891862999925, 0.0 ], [ 135.67094593600018, -0.837944407999942, 0.0 ], [ 135.670950376000064, -0.837965869999948, 0.0 ], [ 135.670996261000028, -0.838002133999908, 0.0 ], [ 135.671038445000136, -0.838009534999912, 0.0 ], [ 135.671141316000217, -0.83800065399987, 0.0 ], [ 135.671295252000164, -0.837960689999875, 0.0 ], [ 135.671331516000123, -0.837952548999908, 0.0 ], [ 135.671414405000178, -0.837965129999873, 0.0 ], [ 135.671486193000078, -0.838004354999953, 0.0 ], [ 135.671560940000063, -0.838063560999956, 0.0 ], [ 135.671667512000226, -0.838245619999896, 0.0 ], [ 135.67172301700009, -0.8383499709999, 0.0 ], [ 135.671754101000033, -0.838416577999908, 0.0 ], [ 135.671761502000209, -0.838486144999933, 0.0 ], [ 135.671718577000092, -0.838623799999937, 0.0 ], [ 135.671622367000168, -0.838856183999894, 0.0 ], [ 135.671517276000031, -0.83915813599998, 0.0 ], [ 135.671433647000185, -0.839277288999938, 0.0 ], [ 135.671344838000209, -0.83935499699993, 0.0 ], [ 135.671286371000065, -0.839443805999906, 0.0 ], [ 135.671266389000152, -0.839492650999887, 0.0 ], [ 135.671261949000154, -0.839578499999959, 0.0 ], [ 135.671314494000171, -0.839685071999895, 0.0 ], [ 135.671434387000204, -0.839785721999874, 0.0 ], [ 135.671720797000035, -0.83995001999989, 0.0 ], [ 135.671802946000071, -0.840011445999892, 0.0 ], [ 135.671862892000036, -0.840096554999946, 0.0 ], [ 135.671927279000101, -0.840244570999914, 0.0 ], [ 135.671980565000126, -0.840417748999869, 0.0 ], [ 135.671997586000202, -0.84056650399998, 0.0 ], [ 135.671988705000217, -0.84083885299998, 0.0 ], [ 135.671970944000122, -0.840980207999962, 0.0 ], [ 135.671933200000012, -0.841128223999931, 0.0 ], [ 135.671864372000186, -0.841324343999929, 0.0 ], [ 135.671834029000024, -0.841467178999892, 0.0 ], [ 135.67183921000003, -0.841566349999937, 0.0 ], [ 135.671870293000211, -0.841714364999916, 0.0 ], [ 135.671944301000053, -0.84192528799997, 0.0 ], [ 135.672045691000108, -0.842153971999892, 0.0 ], [ 135.672078255000201, -0.842253141999947, 0.0 ], [ 135.67208047500003, -0.84232862999994, 0.0 ], [ 135.672083435000104, -0.842448522999916, 0.0 ], [ 135.672039771000186, -0.842581736999932, 0.0 ], [ 135.671979825000221, -0.842688307999879, 0.0 ], [ 135.671858452000038, -0.842868146999933, 0.0 ], [ 135.671676393000098, -0.843036144999871, 0.0 ], [ 135.671277491000183, -0.843372139999872, 0.0 ], [ 135.671089511000105, -0.84351719499989, 0.0 ], [ 135.670994781000218, -0.843620805999933, 0.0 ], [ 135.670932614000208, -0.843711095999936, 0.0 ], [ 135.670873408000034, -0.843843569999876, 0.0 ], [ 135.670757956000102, -0.844115917999943, 0.0 ], [ 135.670647684000187, -0.844445252999947, 0.0 ], [ 135.670598099000131, -0.844625831999963, 0.0 ], [ 135.670514470000057, -0.844750164999937, 0.0 ], [ 135.670503873000143, -0.844762253999875, 0.0 ], [ 135.6705, -0.84477, 0.0 ], [ 135.67049, -0.84478, 0.0 ], [ 135.670460000000162, -0.84482, 0.0 ], [ 135.669875080000224, -0.845266256999935, 0.0 ], [ 135.669502873000056, -0.845577031999881, 0.0 ], [ 135.669217394000157, -0.84576494199996, 0.0 ], [ 135.668666310000049, -0.84603777399991, 0.0 ], [ 135.668391672000098, -0.846187740999881, 0.0 ], [ 135.668194728000117, -0.846296150999876, 0.0 ], [ 135.668042954000157, -0.84642082199997, 0.0 ], [ 135.668024885000023, -0.846574402999977, 0.0 ], [ 135.668191114000024, -0.846946609999975, 0.0 ], [ 135.66852537800014, -0.847607909999965, 0.0 ], [ 135.66873497000006, -0.84782834299989, 0.0 ], [ 135.668872289000092, -0.847954820999973, 0.0 ], [ 135.668966244000217, -0.84810840199998, 0.0 ], [ 135.669043938000186, -0.8485077119999, 0.0 ], [ 135.668986120000227, -0.848708269999975, 0.0 ], [ 135.668863255000133, -0.848861850999867, 0.0 ], [ 135.668619333000152, -0.84891605599995, 0.0 ], [ 135.668500082000151, -0.84896845399993, 0.0 ], [ 135.66842780900015, -0.849131067999963, 0.0 ], [ 135.668397093000067, -0.849730935999958, 0.0 ], [ 135.66832301300019, -0.850327190999963, 0.0 ], [ 135.668292296000232, -0.850553043999923, 0.0 ], [ 135.668366376000108, -0.850773477999951, 0.0 ], [ 135.668492855000181, -0.850937898999973, 0.0 ], [ 135.668689799000163, -0.85134082299993, 0.0 ], [ 135.668857835000154, -0.851555835999932, 0.0 ], [ 135.668998767000062, -0.851669665999964, 0.0 ], [ 135.669258951000188, -0.851821439999981, 0.0 ], [ 135.669412532000138, -0.851985860999889, 0.0 ], [ 135.669506487000035, -0.852124986999968, 0.0 ], [ 135.669589601000098, -0.852417693999939, 0.0 ], [ 135.669679943000119, -0.852710400999911, 0.0 ], [ 135.66975040900013, -0.852854946999969, 0.0 ], [ 135.669768477000048, -0.852977811999892, 0.0 ], [ 135.669694397000058, -0.853116937999971, 0.0 ], [ 135.669358327000054, -0.853639111999939, 0.0 ], [ 135.669065620000083, -0.854186581999897, 0.0 ], [ 135.668928301000165, -0.854508196999973, 0.0 ], [ 135.66883253900005, -0.854846074999955, 0.0 ], [ 135.668662697000173, -0.855482078999898, 0.0 ], [ 135.668523571000037, -0.855765751999911, 0.0 ], [ 135.668330240000159, -0.856016900999919, 0.0 ], [ 135.667874918000166, -0.856481256999871, 0.0 ], [ 135.667573178000225, -0.856837202999941, 0.0 ], [ 135.667450313000018, -0.857048601999963, 0.0 ], [ 135.667320221000182, -0.857341307999889, 0.0 ], [ 135.667229880000036, -0.857782174999954, 0.0 ], [ 135.667193743000098, -0.857975505999889, 0.0 ], [ 135.667135925000025, -0.858159802999978, 0.0 ], [ 135.667032935000179, -0.858316996999974, 0.0 ], [ 135.666924525000127, -0.858463350999955, 0.0 ], [ 135.666854059000116, -0.858546464999961, 0.0 ], [ 135.666742035000084, -0.858616930999915, 0.0 ], [ 135.666554125000175, -0.858665715999962, 0.0 ], [ 135.666400544000112, -0.858687397999915, 0.0 ], [ 135.666207213000234, -0.85872895499989, 0.0 ], [ 135.666035565000016, -0.858842784999979, 0.0 ], [ 135.665542300000197, -0.859243901999946, 0.0 ], [ 135.664879193000161, -0.859715483999878, 0.0 ], [ 135.664423871000167, -0.860029872999974, 0.0 ], [ 135.664257643000042, -0.860179839999944, 0.0 ], [ 135.664134778000061, -0.860360522999883, 0.0 ], [ 135.663963129000194, -0.860705627999891, 0.0 ], [ 135.66381677600009, -0.861032663999879, 0.0 ], [ 135.663672230000202, -0.861332597999933, 0.0 ], [ 135.663565627000025, -0.86146088299995, 0.0 ], [ 135.663240397000095, -0.86173913499988, 0.0 ], [ 135.662936849000175, -0.861990284999877, 0.0 ], [ 135.662823019000029, -0.862111341999878, 0.0 ], [ 135.662745325000174, -0.862248660999967, 0.0 ], [ 135.662696541000059, -0.862391400999968, 0.0 ], [ 135.662673052000173, -0.862521492999974, 0.0 ], [ 135.662626074000173, -0.862646163999898, 0.0 ], [ 135.662246640000035, -0.863083416999928, 0.0 ], [ 135.661621476000164, -0.863750137999943, 0.0 ], [ 135.661106530000211, -0.864303027999938, 0.0 ], [ 135.660606037000093, -0.864740280999968, 0.0 ], [ 135.660349467000174, -0.864984203999882, 0.0 ], [ 135.659838134000211, -0.865372671999978, 0.0 ], [ 135.659494836000022, -0.865672605999919, 0.0 ], [ 135.659287051000206, -0.865927368999962, 0.0 ], [ 135.658885934000068, -0.866482065999946, 0.0 ], [ 135.658412545000147, -0.867249969999875, 0.0 ], [ 135.658029496000154, -0.867719745999921, 0.0 ], [ 135.65785062000009, -0.867929337999954, 0.0 ], [ 135.657729562000213, -0.868090145999929, 0.0 ], [ 135.657653676000109, -0.868189521999909, 0.0 ], [ 135.657543459000181, -0.868281669999874, 0.0 ], [ 135.657409753000138, -0.868344908999973, 0.0 ], [ 135.657115240000167, -0.868484034999938, 0.0 ], [ 135.656847829000185, -0.868671945999949, 0.0 ], [ 135.656284098000128, -0.869255551999913, 0.0 ], [ 135.655875754000135, -0.869683770999927, 0.0 ], [ 135.655858609521147, -0.869715525664515, 0.0 ], [ 135.655817963267424, -0.8697779697438, 0.0 ] ] ] } },
{ "type": "Feature", "properties": { "OID_": 1, "Shape_Leng": 0.04709316094, "Panjang": 4.36, "Status": "Jalan Kabupaten", "Kd_Inf": "005", "Nm_Ruas": "Yendoker (Alternatif) - Ramardori", "Fungsi": "Kolektor Primer", "Mendukung": "PKW", "Ura_Dukung": "Akses utama distrik", "Kd_Bd_PU": "02", "Kd_Jns_Inf": "01", "Kab_Kot": "Supiori", "Kecamatan": "Supiori Selatan", "Desa_Kel": "Biniki, Wombanda", "Km_Awal": "0+000", "Km_Akhir": "4+360", "Nm_Lintas": "-", "Jns_Pen": "Pemeliharaan", "Kd_Patok": "-", "Propinsi": "Papua", "Tk_Ruas_Aw": "Kampung Biniki", "Tk_Ruas_Ak": "Pusat Pengembangan Anak Hosana Yendoker", "Kl_Dat_Das": "Jalan Non Tol", "Tipe_Keras": "Kerikil", "Kon_Baik": 0.0, "Kon_Sdg": 0.0, "Kon_Rgn": 0.0, "Kon_Rusak": 4.36, "Kon_T_Mntp": 4.36, "Kon_Mntp": 0.0, "Koord_X_Aw": 135.65317045099999, "Koord_Y_Aw": -0.873221859, "Koord_X_Ak": 135.63598444300001, "Koord_Y_Ak": -0.868661803, "Lbr_Keras": 6.0, "LHRT": 30.0, "VCR": 0.0, "MST": 0.0, "Tanah_Kri": 100.0, "Macadam": 0.0, "Aspal": 0.0, "Rigid": 0.0, "Thn_Data": 2025, "Tipe_Jln": 2, "Thn_Pen_Ak": 2025 }, "geometry": { "type": "MultiLineString", "coordinates": [ [ [ 135.653170450500056, -0.873221858999955, 0.0 ], [ 135.65321591455097, -0.873247396499538, 0.0 ], [ 135.653256725206802, -0.873277908490775, 0.0 ], [ 135.653355519000229, -0.873359346999905, 0.0 ], [ 135.653840844000115, -0.873753998999973, 0.0 ], [ 135.653780214000108, -0.873834696999893, 0.0 ], [ 135.653718857000058, -0.873919879999903, 0.0 ], [ 135.653717657000016, -0.873984121999911, 0.0 ], [ 135.653695254000013, -0.87409402499992, 0.0 ], [ 135.653674946000137, -0.874172047999934, 0.0 ], [ 135.653625465000118, -0.874240743999906, 0.0 ], [ 135.653537598000071, -0.874300154999958, 0.0 ], [ 135.653530745000126, -0.874380357999939, 0.0 ], [ 135.653537831000222, -0.874459749999914, 0.0 ], [ 135.653500678000228, -0.874556523999956, 0.0 ], [ 135.653505911000025, -0.874666299999944, 0.0 ], [ 135.6535567520001, -0.874731299999894, 0.0 ], [ 135.653643956000224, -0.87479912099991, 0.0 ], [ 135.653728381000178, -0.874912517999974, 0.0 ], [ 135.653727235000019, -0.875042739999913, 0.0 ], [ 135.653679786000112, -0.875174666999897, 0.0 ], [ 135.653574390000131, -0.875266524999972, 0.0 ], [ 135.653471300000092, -0.875372564999964, 0.0 ], [ 135.653384170000209, -0.875484257999972, 0.0 ], [ 135.653292998000097, -0.875583021999944, 0.0 ], [ 135.653193540000075, -0.875666636999938, 0.0 ], [ 135.652861023000014, -0.875910415999954, 0.0 ], [ 135.652710009000089, -0.875990282999908, 0.0 ], [ 135.652488742000173, -0.876115536999976, 0.0 ], [ 135.652295164000179, -0.876306643999953, 0.0 ], [ 135.652215520000141, -0.876476314999877, 0.0 ], [ 135.652149975000157, -0.87684311299995, 0.0 ], [ 135.652076649000037, -0.877087447999884, 0.0 ], [ 135.651992120000159, -0.877277806999928, 0.0 ], [ 135.651836465000088, -0.877594723999948, 0.0 ], [ 135.651698275000058, -0.877756445999921, 0.0 ], [ 135.65158567800006, -0.877798042999927, 0.0 ], [ 135.651463457000204, -0.87780432999989, 0.0 ], [ 135.651249927000094, -0.877824976999932, 0.0 ], [ 135.650993085000096, -0.877847813999949, 0.0 ], [ 135.650850757000057, -0.877921415999879, 0.0 ], [ 135.650750699000014, -0.878037151999877, 0.0 ], [ 135.650688511000112, -0.878212718999919, 0.0 ], [ 135.650636494000196, -0.878543352999941, 0.0 ], [ 135.650603481000076, -0.878946103999965, 0.0 ], [ 135.650567496, -0.879026190999923, 0.0 ], [ 135.650494379000065, -0.879098729999953, 0.0 ], [ 135.650339533000079, -0.879211728999906, 0.0 ], [ 135.65022394600021, -0.879252841999914, 0.0 ], [ 135.65004407400022, -0.879283542999872, 0.0 ], [ 135.649922949000029, -0.879311484999903, 0.0 ], [ 135.649773388000199, -0.879382381999903, 0.0 ], [ 135.64958787400019, -0.879485810999938, 0.0 ], [ 135.649471129000176, -0.879600377999907, 0.0 ], [ 135.649445409, -0.879692866999903, 0.0 ], [ 135.649380325000152, -0.87972528399996, 0.0 ], [ 135.649323558000106, -0.879725294999957, 0.0 ], [ 135.649233417000232, -0.879722968999943, 0.0 ], [ 135.649082276000058, -0.87977519899988, 0.0 ], [ 135.648969648000161, -0.87986435199997, 0.0 ], [ 135.648841090000019, -0.87990029599996, 0.0 ], [ 135.648633097000129, -0.879934112999877, 0.0 ], [ 135.648369444000082, -0.880046364999941, 0.0 ], [ 135.648227316000202, -0.880109260999916, 0.0 ], [ 135.648131869000053, -0.880253358999937, 0.0 ], [ 135.648094032000017, -0.880363829999908, 0.0 ], [ 135.648062523000135, -0.880605733999971, 0.0 ], [ 135.647992260000137, -0.880812210999977, 0.0 ], [ 135.647907006000196, -0.881007053999951, 0.0 ], [ 135.647789640000042, -0.88125806499994, 0.0 ], [ 135.647695289000126, -0.881423818999963, 0.0 ], [ 135.647551277000161, -0.881564653999874, 0.0 ], [ 135.647439848000204, -0.881589564999899, 0.0 ], [ 135.647365383000192, -0.881585174999884, 0.0 ], [ 135.647280779000084, -0.881596018999915, 0.0 ], [ 135.647166887000139, -0.881626666999978, 0.0 ], [ 135.647056300000145, -0.881617960999961, 0.0 ], [ 135.646949188000121, -0.881606749999889, 0.0 ], [ 135.64684664400022, -0.881614688999946, 0.0 ], [ 135.646722951000129, -0.881734266999899, 0.0 ], [ 135.646482671000172, -0.881948493999971, 0.0 ], [ 135.646382139000025, -0.882123986999886, 0.0 ], [ 135.646269364000204, -0.882289825999919, 0.0 ], [ 135.646238107000158, -0.882369143999938, 0.0 ], [ 135.646245530000215, -0.882522232999975, 0.0 ], [ 135.646241856000074, -0.882535445999906, 0.0 ], [ 135.646290370000202, -0.882690586999956, 0.0 ], [ 135.646310280000193, -0.882851833999894, 0.0 ], [ 135.646261820000063, -0.882980529999884, 0.0 ], [ 135.646133273000032, -0.88307324099992, 0.0 ], [ 135.645988776000081, -0.883217065999929, 0.0 ], [ 135.6458549030001, -0.883342665999919, 0.0 ], [ 135.645736410000154, -0.883401718999949, 0.0 ], [ 135.645578636000096, -0.883419122999953, 0.0 ], [ 135.645407450000107, -0.883443559999932, 0.0 ], [ 135.645164378000231, -0.883428737999964, 0.0 ], [ 135.64510543200015, -0.883442203999891, 0.0 ], [ 135.645058814000208, -0.883483747999946, 0.0 ], [ 135.645009490000234, -0.883532524999907, 0.0 ], [ 135.64481645900014, -0.88362553099995, 0.0 ], [ 135.644561933000205, -0.88371931699993, 0.0 ], [ 135.644253872000036, -0.883812102999968, 0.0 ], [ 135.644144960000062, -0.883897254999965, 0.0 ], [ 135.643852208000226, -0.884179692999908, 0.0 ], [ 135.643698341000231, -0.884343478999938, 0.0 ], [ 135.64360092700008, -0.884547091999934, 0.0 ], [ 135.643510123000056, -0.884671997999874, 0.0 ], [ 135.643353898000214, -0.884755623999922, 0.0 ], [ 135.643232572000102, -0.884794272999955, 0.0 ], [ 135.6430556480002, -0.8848162459999, 0.0 ], [ 135.642918774000123, -0.88488459499996, 0.0 ], [ 135.642753989000198, -0.8850021209999, 0.0 ], [ 135.642603775000225, -0.885039159999963, 0.0 ], [ 135.642393846000118, -0.88508493799992, 0.0 ], [ 135.642117475000077, -0.885247292999964, 0.0 ], [ 135.641855579000094, -0.885253968999962, 0.0 ], [ 135.641584218000162, -0.885205415999962, 0.0 ], [ 135.641390669000202, -0.885131109999918, 0.0 ], [ 135.641126235000115, -0.884964010999965, 0.0 ], [ 135.640871023000045, -0.884853635999889, 0.0 ], [ 135.640510920000111, -0.884727806999877, 0.0 ], [ 135.640387152000017, -0.884667871999966, 0.0 ], [ 135.640245149000066, -0.884540545999926, 0.0 ], [ 135.64000926600022, -0.884301360999928, 0.0 ], [ 135.639993663000041, -0.884265080999967, 0.0 ], [ 135.639939484000138, -0.884069133999901, 0.0 ], [ 135.639872746000151, -0.883903369999871, 0.0 ], [ 135.63978395100014, -0.883760114999916, 0.0 ], [ 135.639552205000086, -0.88339119199992, 0.0 ], [ 135.639460778000171, -0.883216826999899, 0.0 ], [ 135.639425918000029, -0.883053157999939, 0.0 ], [ 135.6393990480002, -0.882622296999898, 0.0 ], [ 135.639379010000084, -0.882215555999949, 0.0 ], [ 135.639340379000032, -0.881772050999928, 0.0 ], [ 135.639299582000149, -0.881616625999925, 0.0 ], [ 135.639176392000081, -0.881411034999871, 0.0 ], [ 135.638955206000219, -0.881118997999977, 0.0 ], [ 135.638805232000095, -0.880936684999881, 0.0 ], [ 135.638725365000141, -0.880785670999899, 0.0 ], [ 135.638508461000129, -0.880069353999886, 0.0 ], [ 135.638297643000101, -0.879485963999969, 0.0 ], [ 135.638062854000054, -0.879050576999873, 0.0 ], [ 135.637845942000126, -0.878713206999976, 0.0 ], [ 135.63769707300014, -0.878391459999875, 0.0 ], [ 135.637542213000074, -0.878011976999915, 0.0 ], [ 135.637391744000183, -0.877775885999938, 0.0 ], [ 135.637102145000085, -0.877224227999932, 0.0 ], [ 135.636813241000027, -0.876715640999976, 0.0 ], [ 135.636689102000105, -0.876411706999932, 0.0 ], [ 135.636534864000168, -0.876113637999879, 0.0 ], [ 135.636374857000192, -0.875860659999944, 0.0 ], [ 135.636004508000156, -0.875400248999938, 0.0 ], [ 135.635705539000014, -0.874868552999885, 0.0 ], [ 135.635507093000115, -0.874540309999929, 0.0 ], [ 135.635346464, -0.874205918999962, 0.0 ], [ 135.635158945000057, -0.873762846999966, 0.0 ], [ 135.635123149000151, -0.873557601999948, 0.0 ], [ 135.635163173000024, -0.873054728999932, 0.0 ], [ 135.63517356300008, -0.872876909999945, 0.0 ], [ 135.635137355000097, -0.87263631299993, 0.0 ], [ 135.635098673000016, -0.872344685999963, 0.0 ], [ 135.635100273000035, -0.872259028999906, 0.0 ], [ 135.635123613000019, -0.872190701999955, 0.0 ], [ 135.635181442000089, -0.872042044999887, 0.0 ], [ 135.635266413000068, -0.871839484999896, 0.0 ], [ 135.635331318000226, -0.87171345299987, 0.0 ], [ 135.635330127000202, -0.871616604999872, 0.0 ], [ 135.635326207000048, -0.87157022699995, 0.0 ], [ 135.635333537000179, -0.871389174999877, 0.0 ], [ 135.635329840000054, -0.871183085999974, 0.0 ], [ 135.635326829000064, -0.87101544099994, 0.0 ], [ 135.635308021000014, -0.870916884999872, 0.0 ], [ 135.635245988000065, -0.87065510799988, 0.0 ], [ 135.635213210000074, -0.870359137999912, 0.0 ], [ 135.635197330000096, -0.87031387899998, 0.0 ], [ 135.63518422900006, -0.870220581999888, 0.0 ], [ 135.635178274000168, -0.870116167999868, 0.0 ], [ 135.63518700800023, -0.870038751999971, 0.0 ], [ 135.635220357000208, -0.869895430999918, 0.0 ], [ 135.635264424000184, -0.86978665099997, 0.0 ], [ 135.635337474000039, -0.869622288999949, 0.0 ], [ 135.635411715000032, -0.869451972999912, 0.0 ], [ 135.635428786000148, -0.869403537999972, 0.0 ], [ 135.635447049000163, -0.869370585999945, 0.0 ], [ 135.635475633000169, -0.869340412999918, 0.0 ], [ 135.63553042, -0.869295550999936, 0.0 ], [ 135.635597515000086, -0.869213766999906, 0.0 ], [ 135.635677314000077, -0.869148260999907, 0.0 ], [ 135.635792843000104, -0.86900255899991, 0.0 ], [ 135.635862717, -0.868850106999957, 0.0 ], [ 135.635894477000193, -0.868775072999938, 0.0 ], [ 135.635939084317272, -0.868715838846851, 0.0 ], [ 135.635984443000211, -0.868661802999895, 0.0 ] ] ] } },
{ "type": "Feature", "properties": { "OID_": 1, "Shape_Leng": 0.00641200511, "Panjang": 0.67, "Status": "Jalan Kabupaten", "Kd_Inf": "007", "Nm_Ruas": "Korido - Kanbesasu", "Fungsi": "Lokal Primer", "Mendukung": "PKW Ling", "Ura_Dukung": "Akses distrik ke desa", "Kd_Bd_PU": "02", "Kd_Jns_Inf": "01", "Kab_Kot": "Supiori", "Kecamatan": "Supiori Selatan", "Desa_Kel": "Fanindi", "Km_Awal": "0+000", "Km_Akhir": "0+670", "Nm_Lintas": "-", "Jns_Pen": "Pemeliharaan", "Kd_Patok": "-", "Propinsi": "Papua", "Tk_Ruas_Aw": "Jalan Korido - Ababiadi", "Tk_Ruas_Ak": "Jalan Korido - Ababiadi", "Kl_Dat_Das": "Jalan Non Tol", "Tipe_Keras": "Macadam, Rigid", "Kon_Baik": 0.0, "Kon_Sdg": 0.0, "Kon_Rgn": 0.0, "Kon_Rusak": 0.67, "Kon_T_Mntp": 0.67, "Kon_Mntp": 0.0, "Koord_X_Aw": 135.59150720100001, "Koord_Y_Aw": -0.83545789730999998, "Koord_X_Ak": 135.594420493, "Koord_Y_Ak": -0.83558229643000004, "Lbr_Keras": 6.0, "LHRT": 50.0, "VCR": 0.0, "MST": 0.0, "Tanah_Kri": 0.0, "Macadam": 70.0, "Aspal": 0.0, "Rigid": 30.0, "Thn_Data": 2025, "Tipe_Jln": 2, "Thn_Pen_Ak": 2025 }, "geometry": { "type": "MultiLineString", "coordinates": [ [ [ 135.591507201124358, -0.835457897312011, 0.0 ], [ 135.591455460000134, -0.835252802999889, 0.0 ], [ 135.591451212000038, -0.835196255999904, 0.0 ], [ 135.591538522000064, -0.834981376999906, 0.0 ], [ 135.591730798000071, -0.834566766999899, 0.0 ], [ 135.591899254000054, -0.834216445999971, 0.0 ], [ 135.592186422000168, -0.833540145999962, 0.0 ], [ 135.592321561000063, -0.833278271999973, 0.0 ], [ 135.592439867000053, -0.833141028999876, 0.0 ], [ 135.592571244000055, -0.833047238999939, 0.0 ], [ 135.592636875000039, -0.833007595999959, 0.0 ], [ 135.592671151000218, -0.833009795999942, 0.0 ], [ 135.592735180000091, -0.833055915999921, 0.0 ], [ 135.592846572000099, -0.833230361999881, 0.0 ], [ 135.592984436000165, -0.833365524999977, 0.0 ], [ 135.593074892000118, -0.833441619999974, 0.0 ], [ 135.59310640800004, -0.833474653999929, 0.0 ], [ 135.59311133000017, -0.833520137999869, 0.0 ], [ 135.593101663000084, -0.833586719999971, 0.0 ], [ 135.593080842000063, -0.833632502999933, 0.0 ], [ 135.593099594000023, -0.833689164999953, 0.0 ], [ 135.59319313900005, -0.833766877999949, 0.0 ], [ 135.593325920000098, -0.833940318999908, 0.0 ], [ 135.59362164200013, -0.834393101999922, 0.0 ], [ 135.593753310000125, -0.834656802999973, 0.0 ], [ 135.593878920000066, -0.834991352999964, 0.0 ], [ 135.59398711200015, -0.835110119999911, 0.0 ], [ 135.593993416000103, -0.83511501199996, 0.0 ], [ 135.594067253000048, -0.835205490999897, 0.0 ], [ 135.594185698000047, -0.835336391999874, 0.0 ], [ 135.594377089000091, -0.83552044399994, 0.0 ], [ 135.594402065000054, -0.835549999999898, 0.0 ], [ 135.594420493434143, -0.835582296427892, 0.0 ] ] ] } },
{ "type": "Feature", "properties": { "OID_": 1, "Shape_Leng": 0.0128619877, "Panjang": 12.6, "Status": "Jalan Kabupaten", "Kd_Inf": "011", "Nm_Ruas": "Sorendiweri - Perumahan Layak Huni Masyarakat", "Fungsi": "Lingkungan Primer", "Mendukung": "PKL", "Ura_Dukung": "Akses permukiman", "Kd_Bd_PU": "02", "Kd_Jns_Inf": "01", "Kab_Kot": "Supiori", "Kecamatan": "Supiori Timur", "Desa_Kel": "Sorendibori", "Km_Awal": "0+000", "Km_Akhir": "12+600", "Nm_Lintas": "-", "Jns_Pen": "Pemeliharaan", "Kd_Patok": "-", "Propinsi": "Papua", "Tk_Ruas_Aw": "Monumen Supiori", "Tk_Ruas_Ak": "DJOIS Salon", "Kl_Dat_Das": "Jalan Non Tol", "Tipe_Keras": "Macadam, Kerikil", "Kon_Baik": 5.0, "Kon_Sdg": 0.0, "Kon_Rgn": 0.0, "Kon_Rusak": 7.6, "Kon_T_Mntp": 7.6, "Kon_Mntp": 5.0, "Koord_X_Aw": 135.73321720600001, "Koord_Y_Aw": -0.732411693, "Koord_X_Ak": 135.735768495, "Koord_Y_Ak": -0.73768006322000002, "Lbr_Keras": 12.0, "LHRT": 30.0, "VCR": 0.0, "MST": 0.0, "Tanah_Kri": 60.0, "Macadam": 40.0, "Aspal": 0.0, "Rigid": 0.0, "Thn_Data": 2025, "Tipe_Jln": 2, "Thn_Pen_Ak": 2025 }, "geometry": { "type": "MultiLineString", "coordinates": [ [ [ 135.733217206000063, -0.732411692999904, 0.0 ], [ 135.732984638000175, -0.732296068999915, 0.0 ], [ 135.732842350000055, -0.732247283999868, 0.0 ], [ 135.732759010000109, -0.732184270999824, 0.0 ], [ 135.732480532000181, -0.731973887999914, 0.0 ], [ 135.732287427000074, -0.731807207999964, 0.0 ], [ 135.731953051000119, -0.731561252999882, 0.0 ], [ 135.731814828000211, -0.731436242999905, 0.0 ], [ 135.731734537000193, -0.731383392999817, 0.0 ], [ 135.731612576000089, -0.73135900099993, 0.0 ], [ 135.73150687600014, -0.731353918999957, 0.0 ], [ 135.73136662100012, -0.731399654999905, 0.0 ], [ 135.731239578000213, -0.731492141999922, 0.0 ], [ 135.731138960000067, -0.731625282999914, 0.0 ], [ 135.731077980000123, -0.7316903279999, 0.0 ], [ 135.730997689000105, -0.731897661999824, 0.0 ], [ 135.730987525000046, -0.732113126999877, 0.0 ], [ 135.731092208000064, -0.73242006199996, 0.0 ], [ 135.731252791000088, -0.732665000999873, 0.0 ], [ 135.731561759000101, -0.733103043999904, 0.0 ], [ 135.731784338000125, -0.733433355999978, 0.0 ], [ 135.731848367000225, -0.733524826999883, 0.0 ], [ 135.731976426000074, -0.733574626999939, 0.0 ], [ 135.732129894000082, -0.733608166999943, 0.0 ], [ 135.732265068000288, -0.733675244999972, 0.0 ], [ 135.732451058000038, -0.733843957999909, 0.0 ], [ 135.732715307000149, -0.73411532099982, 0.0 ], [ 135.733073060000038, -0.734562511999968, 0.0 ], [ 135.73330478600019, -0.734789156999966, 0.0 ], [ 135.733562937000102, -0.735136745999966, 0.0 ], [ 135.733644244000061, -0.735203823999882, 0.0 ], [ 135.733767222000097, -0.735292245999915, 0.0 ], [ 135.733922722000102, -0.735390830999904, 0.0 ], [ 135.734000981000122, -0.735459942999967, 0.0 ], [ 135.734040618000108, -0.735523971999839, 0.0 ], [ 135.734052814000052, -0.735660161999931, 0.0 ], [ 135.734065010000222, -0.735749599999963, 0.0 ], [ 135.734134121000125, -0.735919328999955, 0.0 ], [ 135.734179857000186, -0.736010799999974, 0.0 ], [ 135.734195102000285, -0.736120564999908, 0.0 ], [ 135.7342133960002, -0.736303506999946, 0.0 ], [ 135.734292671000276, -0.736675487999889, 0.0 ], [ 135.734385158, -0.736995635999904, 0.0 ], [ 135.734490858000072, -0.737347289999889, 0.0 ], [ 135.734609770000134, -0.737647110999831, 0.0 ], [ 135.734741894000081, -0.737974373999975, 0.0 ], [ 135.734786613000097, -0.738073974999963, 0.0 ], [ 135.734826251000072, -0.738115644999937, 0.0 ], [ 135.734876051000015, -0.738136988999941, 0.0 ], [ 135.734979718000204, -0.73812784099988, 0.0 ], [ 135.735083385000166, -0.73809125299988, 0.0 ], [ 135.735218559000145, -0.738070925999978, 0.0 ], [ 135.735447236000027, -0.738065844999937, 0.0 ], [ 135.735513298000114, -0.737988602999906, 0.0 ], [ 135.735545588500031, -0.737909301499883, 0.0 ], [ 135.735768494622334, -0.737680063218534, 0.0 ] ] ] } },
{ "type": "Feature", "properties": { "OID_": 1, "Shape_Leng": 0.03253365717, "Panjang": 3.4, "Status": "Jalan Kabupaten", "Kd_Inf": "012", "Nm_Ruas": "Sorendiweri - Paryem (Kantor Bawasda)", "Fungsi": "Lingkungan Primer", "Mendukung": "PKL", "Ura_Dukung": "Akses lokal", "Kd_Bd_PU": "02", "Kd_Jns_Inf": "01", "Kab_Kot": "Supiori", "Kecamatan": "Supiori Timur", "Desa_Kel": "Sauyas, Waryesi", "Km_Awal": "0+000", "Km_Akhir": "3+400", "Nm_Lintas": "-", "Jns_Pen": "Pemeliharaan", "Kd_Patok": "-", "Propinsi": "Papua", "Tk_Ruas_Aw": "Supiori Guest House", "Tk_Ruas_Ak": "Tugu Salib Segitiga Piabo", "Kl_Dat_Das": "Jalan Non Tol", "Tipe_Keras": "Aspal, Macadam", "Kon_Baik": 2.8, "Kon_Sdg": 0.6, "Kon_Rgn": 0.0, "Kon_Rusak": 0.0, "Kon_T_Mntp": 0.0, "Kon_Mntp": 3.4, "Koord_X_Aw": 135.74911674099999, "Koord_Y_Aw": -0.74386239492999995, "Koord_X_Ak": 135.73236, "Koord_Y_Ak": -0.7249, "Lbr_Keras": 6.0, "LHRT": 50.0, "VCR": 0.0, "MST": 0.0, "Tanah_Kri": 0.0, "Macadam": 18.0, "Aspal": 82.0, "Rigid": 0.0, "Thn_Data": 2025, "Tipe_Jln": 2, "Thn_Pen_Ak": 2025 }, "geometry": { "type": "MultiLineString", "coordinates": [ [ [ 135.749116740767136, -0.743862394927255, 0.0 ], [ 135.748871758000178, -0.743448536999949, 0.0 ], [ 135.748710473000074, -0.743175592999933, 0.0 ], [ 135.748556632000032, -0.742860467999947, 0.0 ], [ 135.748402791000217, -0.742657000999941, 0.0 ], [ 135.748174511000116, -0.742532935999975, 0.0 ], [ 135.747626143000048, -0.742376612999976, 0.0 ], [ 135.747047999000188, -0.742056524999953, 0.0 ], [ 135.746812275000025, -0.741793506999954, 0.0 ], [ 135.746333383000206, -0.741051596999966, 0.0 ], [ 135.746023220000211, -0.74042630799994, 0.0 ], [ 135.745963668000059, -0.740103737999959, 0.0 ], [ 135.74597111200012, -0.739902751999921, 0.0 ], [ 135.746052995000127, -0.739761317999978, 0.0 ], [ 135.746214280000231, -0.739565294999977, 0.0 ], [ 135.746320976000106, -0.739376715999924, 0.0 ], [ 135.746311051000134, -0.739267537999979, 0.0 ], [ 135.745874341000217, -0.738783683999884, 0.0 ], [ 135.745261459000176, -0.738188170999933, 0.0 ], [ 135.743804933000092, -0.737014513999952, 0.0 ], [ 135.742343445000074, -0.736180794999939, 0.0 ], [ 135.740941508000219, -0.73541903499995, 0.0 ], [ 135.740011018000132, -0.734816077999881, 0.0 ], [ 135.739594159000035, -0.734625016999871, 0.0 ], [ 135.739115267000216, -0.734540652999897, 0.0 ], [ 135.738028456000052, -0.734404180999888, 0.0 ], [ 135.737115336000215, -0.734304928999961, 0.0 ], [ 135.736661528000127, -0.734123352999916, 0.0 ], [ 135.736601706000101, -0.734098980999875, 0.0 ], [ 135.736093038000149, -0.733910400999889, 0.0 ], [ 135.735971454000037, -0.733890550999945, 0.0 ], [ 135.735336240000038, -0.733622569999966, 0.0 ], [ 135.73494667500006, -0.733451359999947, 0.0 ], [ 135.734765540000126, -0.733399252999902, 0.0 ], [ 135.733713467000143, -0.732716893999907, 0.0 ], [ 135.733217206000063, -0.732411692999904, 0.0 ], [ 135.733093141000154, -0.73226777799988, 0.0 ], [ 135.733085697000092, -0.732185894999873, 0.0 ], [ 135.733229612000173, -0.731979945999967, 0.0 ], [ 135.733309014000156, -0.731821142999877, 0.0 ], [ 135.733353678000185, -0.731667301999948, 0.0 ], [ 135.733363603000157, -0.731121414999905, 0.0 ], [ 135.733343752000224, -0.729875799999945, 0.0 ], [ 135.733323902000166, -0.729630150999981, 0.0 ], [ 135.733110510000074, -0.729176071999973, 0.0 ], [ 135.732658912000034, -0.728612815999895, 0.0 ], [ 135.732549735000134, -0.728444086999957, 0.0 ], [ 135.732527403000063, -0.728161217999912, 0.0 ], [ 135.732564623000144, -0.728024746999893, 0.0 ], [ 135.732725907000145, -0.727421788999948, 0.0 ], [ 135.732778015, -0.727255541999966, 0.0 ], [ 135.732797865000066, -0.727039668999964, 0.0 ], [ 135.732740795000154, -0.726888308999946, 0.0 ], [ 135.732629137000117, -0.726367234999884, 0.0 ], [ 135.732467852000013, -0.72551366599987, 0.0 ], [ 135.732360000000199, -0.7249, 0.0 ] ] ] } },
{ "type": "Feature", "properties": { "OID_": 1, "Shape_Leng": 0.00614301732, "Panjang": 0.6, "Status": "Jalan Kabupaten", "Kd_Inf": "016", "Nm_Ruas": "Marsram - Pariwisata", "Fungsi": "Lingkungan Primer", "Mendukung": "PKL", "Ura_Dukung": "Akses wisata", "Kd_Bd_PU": "02", "Kd_Jns_Inf": "01", "Kab_Kot": "Supiori", "Kecamatan": "Supiori Timur", "Desa_Kel": "Marsram", "Km_Awal": "0+000", "Km_Akhir": "0+600", "Nm_Lintas": "-", "Jns_Pen": "Pemeliharaan", "Kd_Patok": "-", "Propinsi": "Papua", "Tk_Ruas_Aw": "SD Negeri Kasuari Marsram", "Tk_Ruas_Ak": "Wisata Mangrove Marsram", "Kl_Dat_Das": "Jalan Non Tol", "Tipe_Keras": "Kerikil", "Kon_Baik": 0.0, "Kon_Sdg": 0.0, "Kon_Rgn": 0.0, "Kon_Rusak": 0.6, "Kon_T_Mntp": 0.6, "Kon_Mntp": 0.0, "Koord_X_Aw": 135.70100360199999, "Koord_Y_Aw": -0.79452627189000002, "Koord_X_Ak": 135.70206617900001, "Koord_Y_Ak": -0.79924270428, "Lbr_Keras": 5.0, "LHRT": 30.0, "VCR": 0.0, "MST": 0.0, "Tanah_Kri": 100.0, "Macadam": 0.0, "Aspal": 0.0, "Rigid": 0.0, "Thn_Data": 2025, "Tipe_Jln": 2, "Thn_Pen_Ak": 2025 }, "geometry": { "type": "MultiLineString", "coordinates": [ [ [ 135.70100360165145, -0.794526271891129, 0.0 ], [ 135.701092447684687, -0.794705147153195, 0.0 ], [ 135.701270307719597, -0.794852834926303, 0.0 ], [ 135.701513276509303, -0.795089452507283, 0.0 ], [ 135.701643496000088, -0.795329244999948, 0.0 ], [ 135.701895993000107, -0.795794539999974, 0.0 ], [ 135.702104026000029, -0.796107381999832, 0.0 ], [ 135.702391460000172, -0.796620317999896, 0.0 ], [ 135.70254391200001, -0.796971273999816, 0.0 ], [ 135.70253438300017, -0.79725394399992, 0.0 ], [ 135.70237875600003, -0.79792885899991, 0.0 ], [ 135.702199308000104, -0.798683174999951, 0.0 ], [ 135.70207549700001, -0.79922274799992, 0.0 ], [ 135.702066179474286, -0.799242704280289, 0.0 ] ] ] } },
{ "type": "Feature", "properties": { "OID_": 1, "Shape_Leng": 0.02770977053, "Panjang": 3.0, "Status": "Jalan Kabupaten", "Kd_Inf": "018", "Nm_Ruas": "Warbor - Kpudori", "Fungsi": "Lokal Primer", "Mendukung": "PKW Ling", "Ura_Dukung": "Akses antar kampung", "Kd_Bd_PU": "02", "Kd_Jns_Inf": "01", "Kab_Kot": "Supiori", "Kecamatan": "Supiori Utara", "Desa_Kel": "Warbor, Kobari Jaya", "Km_Awal": "0+000", "Km_Akhir": "3+000", "Nm_Lintas": "-", "Jns_Pen": "Pemeliharaan", "Kd_Patok": "-", "Propinsi": "Papua", "Tk_Ruas_Aw": "Lapangan Bola Kampung Warbor", "Tk_Ruas_Ak": "Jembatan Pudori", "Kl_Dat_Das": "Jalan Non Tol", "Tipe_Keras": "Macadam", "Kon_Baik": 0.5, "Kon_Sdg": 0.5, "Kon_Rgn": 1.3, "Kon_Rusak": 0.7, "Kon_T_Mntp": 2.0, "Kon_Mntp": 1.0, "Koord_X_Aw": 135.63609932099999, "Koord_Y_Aw": -0.66441877794000004, "Koord_X_Ak": 135.61906, "Koord_Y_Ak": -0.67392, "Lbr_Keras": 6.0, "LHRT": 50.0, "VCR": 0.0, "MST": 0.0, "Tanah_Kri": 0.0, "Macadam": 100.0, "Aspal": 0.0, "Rigid": 0.0, "Thn_Data": 2025, "Tipe_Jln": 2, "Thn_Pen_Ak": 2025 }, "geometry": { "type": "MultiLineString", "coordinates": [ [ [ 135.636099320823774, -0.664418777939535, 0.0 ], [ 135.63602040327649, -0.664454500049453, 0.0 ], [ 135.635778727000229, -0.664578811999945, 0.0 ], [ 135.635196097000176, -0.664954499999965, 0.0 ], [ 135.63469129900011, -0.665349540999955, 0.0 ], [ 135.634040577000064, -0.665840147999972, 0.0 ], [ 135.633685082000056, -0.666160412999886, 0.0 ], [ 135.633517258000211, -0.666335646999926, 0.0 ], [ 135.633317890000058, -0.666636216999905, 0.0 ], [ 135.633071511000026, -0.667032629999937, 0.0 ], [ 135.632887685000128, -0.667459415999929, 0.0 ], [ 135.632684398000038, -0.668020241999955, 0.0 ], [ 135.632500711000034, -0.668557253999893, 0.0 ], [ 135.632399624000072, -0.668959206999943, 0.0 ], [ 135.63237655200021, -0.669101658999978, 0.0 ], [ 135.632396878000122, -0.669156679999901, 0.0 ], [ 135.6325641950001, -0.669428926999956, 0.0 ], [ 135.632565674000034, -0.669480893999946, 0.0 ], [ 135.632527993000167, -0.669669109999973, 0.0 ], [ 135.632307580000202, -0.670150154999874, 0.0 ], [ 135.632110251000086, -0.670621983999922, 0.0 ], [ 135.631840966000141, -0.671244810999951, 0.0 ], [ 135.631783539000025, -0.671457176999922, 0.0 ], [ 135.631771243000117, -0.671577533999937, 0.0 ], [ 135.631783059000213, -0.67191338899994, 0.0 ], [ 135.631811015000039, -0.672407311999962, 0.0 ], [ 135.6317871130002, -0.672492682999973, 0.0 ], [ 135.631755811000062, -0.672543749999932, 0.0 ], [ 135.631713931000149, -0.672580148999941, 0.0 ], [ 135.631387778000089, -0.672772020999901, 0.0 ], [ 135.631289230000107, -0.672829469999954, 0.0 ], [ 135.630970288000185, -0.673065691999966, 0.0 ], [ 135.630531592000125, -0.673472518999972, 0.0 ], [ 135.630397842000093, -0.673596234999877, 0.0 ], [ 135.630274927000073, -0.673688599999878, 0.0 ], [ 135.630167095000047, -0.673758938999867, 0.0 ], [ 135.62977611600013, -0.67392447799989, 0.0 ], [ 135.629406739000046, -0.674063288999889, 0.0 ], [ 135.629163190000213, -0.674082857999906, 0.0 ], [ 135.628912696000043, -0.674065317999975, 0.0 ], [ 135.628653777000068, -0.673993153999959, 0.0 ], [ 135.628452326000229, -0.673921662999931, 0.0 ], [ 135.62830386600001, -0.67384291999997, 0.0 ], [ 135.627969334000227, -0.673633282999958, 0.0 ], [ 135.627613763000227, -0.673420237999892, 0.0 ], [ 135.627040530000045, -0.673013605999927, 0.0 ], [ 135.626288248000037, -0.672530473999927, 0.0 ], [ 135.625649655000188, -0.672083027999918, 0.0 ], [ 135.625079772000049, -0.671744589999889, 0.0 ], [ 135.624504219000073, -0.671494475999907, 0.0 ], [ 135.62370837800006, -0.671191410999882, 0.0 ], [ 135.623271199000214, -0.671011208999971, 0.0 ], [ 135.622526404000155, -0.670632925999939, 0.0 ], [ 135.622093463000169, -0.670408788999964, 0.0 ], [ 135.621868354000071, -0.670323389999908, 0.0 ], [ 135.621706976000041, -0.670279979999975, 0.0 ], [ 135.621563802000082, -0.670284138999932, 0.0 ], [ 135.621374648000028, -0.670296684999926, 0.0 ], [ 135.621214919000067, -0.670358617999966, 0.0 ], [ 135.621027672000196, -0.670430487999965, 0.0 ], [ 135.620861840000089, -0.670485674999952, 0.0 ], [ 135.620503554000152, -0.67054711499992, 0.0 ], [ 135.619930266000097, -0.670638504999943, 0.0 ], [ 135.619483616000139, -0.670685633999938, 0.0 ], [ 135.619401821000224, -0.670728522999923, 0.0 ], [ 135.619342052000093, -0.670786493999969, 0.0 ], [ 135.619258273000014, -0.670957167999973, 0.0 ], [ 135.619054810000193, -0.671466866999936, 0.0 ], [ 135.618967377000104, -0.671757857999921, 0.0 ], [ 135.618955751000044, -0.671820747999902, 0.0 ], [ 135.618953273000216, -0.671942695999974, 0.0 ], [ 135.61899281500007, -0.672365086999889, 0.0 ], [ 135.619049940000082, -0.672750021999946, 0.0 ], [ 135.619065550000187, -0.673302399999898, 0.0 ], [ 135.619060000000218, -0.67389999999989, 0.0 ], [ 135.619060000000218, -0.67392, 0.0 ] ] ] } },
{ "type": "Feature", "properties": { "OID_": 1, "Shape_Leng": 0.00454803366, "Panjang": 0.5, "Status": "Jalan Kabupaten", "Kd_Inf": "021", "Nm_Ruas": "Warbor - Perkebunan 1", "Fungsi": "Lingkungan Primer", "Mendukung": "PKL", "Ura_Dukung": "Akses kebun", "Kd_Bd_PU": "02", "Kd_Jns_Inf": "01", "Kab_Kot": "Supiori", "Kecamatan": "Supiori Utara", "Desa_Kel": "Kobari Jaya", "Km_Awal": "0+000", "Km_Akhir": "0+500", "Nm_Lintas": "-", "Jns_Pen": "Pemeliharaan", "Kd_Patok": "-", "Propinsi": "Papua", "Tk_Ruas_Aw": "Kantor Pos LPU Warbor", "Tk_Ruas_Ak": "Kampung Kobari Jaya", "Kl_Dat_Das": "Jalan Non Tol", "Tipe_Keras": "Macadam", "Kon_Baik": 0.5, "Kon_Sdg": 0.0, "Kon_Rgn": 0.0, "Kon_Rusak": 0.0, "Kon_T_Mntp": 0.0, "Kon_Mntp": 0.5, "Koord_X_Aw": 135.64137, "Koord_Y_Aw": -0.66362, "Koord_X_Ak": 135.64104, "Koord_Y_Ak": -0.66805, "Lbr_Keras": 5.0, "LHRT": 50.0, "VCR": 0.0, "MST": 0.0, "Tanah_Kri": 0.0, "Macadam": 100.0, "Aspal": 0.0, "Rigid": 0.0, "Thn_Data": 2025, "Tipe_Jln": 2, "Thn_Pen_Ak": 2025 }, "geometry": { "type": "MultiLineString", "coordinates": [ [ [ 135.64137, -0.66362, 0.0 ], [ 135.64137, -0.66363, 0.0 ], [ 135.641178475000061, -0.66476952599993, 0.0 ], [ 135.641172499000049, -0.66545733199996, 0.0 ], [ 135.641274055000054, -0.666587767999943, 0.0 ], [ 135.641222404000018, -0.66701515799997, 0.0 ], [ 135.64110103500002, -0.667287174999956, 0.0 ], [ 135.641028018000043, -0.66778138799998, 0.0 ], [ 135.64104, -0.667869365999934, 0.0 ], [ 135.64104, -0.66787, 0.0 ], [ 135.64104, -0.6679, 0.0 ], [ 135.64104, -0.66793, 0.0 ], [ 135.64104, -0.66797, 0.0 ], [ 135.64104, -0.668, 0.0 ], [ 135.64104, -0.66802, 0.0 ], [ 135.64104, -0.66803, 0.0 ], [ 135.64104, -0.66805, 0.0 ] ] ] } },
{ "type": "Feature", "properties": { "OID_": 1, "Shape_Leng": 0.00832799764, "Panjang": 0.9, "Status": "Jalan Kabupaten", "Kd_Inf": "022", "Nm_Ruas": "Warbor - Perkebunan 2", "Fungsi": "Lingkungan Primer", "Mendukung": "PKL", "Ura_Dukung": "Akses kebun", "Kd_Bd_PU": "02", "Kd_Jns_Inf": "01", "Kab_Kot": "Supiori", "Kecamatan": "Supiori Utara", "Desa_Kel": "Kobari Jaya", "Km_Awal": "0+000", "Km_Akhir": "0+900", "Nm_Lintas": "-", "Jns_Pen": "Pemeliharaan", "Kd_Patok": "-", "Propinsi": "Papua", "Tk_Ruas_Aw": "Kios Saroha", "Tk_Ruas_Ak": "Distrik Kobari Jaya", "Kl_Dat_Das": "Jalan Non Tol", "Tipe_Keras": "Macadam", "Kon_Baik": 0.9, "Kon_Sdg": 0.0, "Kon_Rgn": 0.0, "Kon_Rusak": 0.0, "Kon_T_Mntp": 0.0, "Kon_Mntp": 0.9, "Koord_X_Aw": 135.64441, "Koord_Y_Aw": -0.67197, "Koord_X_Ak": 135.64497, "Koord_Y_Ak": -0.6645, "Lbr_Keras": 5.0, "LHRT": 50.0, "VCR": 0.0, "MST": 0.0, "Tanah_Kri": 0.0, "Macadam": 100.0, "Aspal": 0.0, "Rigid": 0.0, "Thn_Data": 2025, "Tipe_Jln": 2, "Thn_Pen_Ak": 2025 }, "geometry": { "type": "MultiLineString", "coordinates": [ [ [ 135.644410000000107, -0.67197, 0.0 ], [ 135.644413741000108, -0.67196750599993, 0.0 ], [ 135.644393832000105, -0.67195656399997, 0.0 ], [ 135.644243555000116, -0.671889041999975, 0.0 ], [ 135.644062036000037, -0.671783354999945, 0.0 ], [ 135.643956760000037, -0.671544635999965, 0.0 ], [ 135.643912952000051, -0.671415191999927, 0.0 ], [ 135.643837298000108, -0.671064679999972, 0.0 ], [ 135.643679739000049, -0.670579992999933, 0.0 ], [ 135.643575904000045, -0.670145749999961, 0.0 ], [ 135.643503311000018, -0.669749672999956, 0.0 ], [ 135.643506659000082, -0.66961347299997, 0.0 ], [ 135.643601618000048, -0.669231578999927, 0.0 ], [ 135.643691373000024, -0.668988463999938, 0.0 ], [ 135.643797850000055, -0.668571010999926, 0.0 ], [ 135.643919696000012, -0.668245289999959, 0.0 ], [ 135.644036990000018, -0.668098756999939, 0.0 ], [ 135.644160358000022, -0.667799190999972, 0.0 ], [ 135.644222279000019, -0.667701265999938, 0.0 ], [ 135.644295361000104, -0.667489995999972, 0.0 ], [ 135.644377587, -0.666928992999942, 0.0 ], [ 135.644477474000041, -0.666347820999931, 0.0 ], [ 135.644543118000115, -0.666093603999968, 0.0 ], [ 135.644662524000069, -0.665694078999934, 0.0 ], [ 135.644758255000056, -0.665378521999969, 0.0 ], [ 135.644848730000035, -0.664935446999948, 0.0 ], [ 135.644993676000013, -0.664396030999967, 0.0 ], [ 135.64497, -0.6645, 0.0 ] ] ] } },
{ "type": "Feature", "properties": { "OID_": 1, "Shape_Leng": 0.03746663622, "Panjang": 4.0, "Status": "Jalan Kabupaten", "Kd_Inf": "023", "Nm_Ruas": "Kpudori - Warsa", "Fungsi": "Kolektor Primer", "Mendukung": "PKW", "Ura_Dukung": "Penghubung antar kampung", "Kd_Bd_PU": "02", "Kd_Jns_Inf": "01", "Kab_Kot": "Supiori", "Kecamatan": "Supiori Utara", "Desa_Kel": "Warsa, Wabor", "Km_Awal": "0+000", "Km_Akhir": "4+000", "Nm_Lintas": "-", "Jns_Pen": "Pemeliharaan", "Kd_Patok": "-", "Propinsi": "Papua", "Tk_Ruas_Aw": "Jalan Warsa - Wabudori", "Tk_Ruas_Ak": "Jembatan Pudori", "Kl_Dat_Das": "Jalan Non Tol", "Tipe_Keras": "Macadam", "Kon_Baik": 0.0, "Kon_Sdg": 0.0, "Kon_Rgn": 4.0, "Kon_Rusak": 0.0, "Kon_T_Mntp": 4.0, "Kon_Mntp": 0.0, "Koord_X_Aw": 135.61906, "Koord_Y_Aw": -0.67392, "Koord_X_Ak": 135.60456064799999, "Koord_Y_Ak": -0.699362705, "Lbr_Keras": 6.0, "LHRT": 50.0, "VCR": 0.0, "MST": 0.0, "Tanah_Kri": 0.0, "Macadam": 100.0, "Aspal": 0.0, "Rigid": 0.0, "Thn_Data": 2025, "Tipe_Jln": 2, "Thn_Pen_Ak": 2025 }, "geometry": { "type": "MultiLineString", "coordinates": [ [ [ 135.619060000000218, -0.67392, 0.0 ], [ 135.619058964295732, -0.674009234649721, 0.0 ], [ 135.61903153500009, -0.674233938999976, 0.0 ], [ 135.618988862000037, -0.67440020499987, 0.0 ], [ 135.618921480000154, -0.674510740999892, 0.0 ], [ 135.618574474000184, -0.674931338999954, 0.0 ], [ 135.618140301000039, -0.675445773999968, 0.0 ], [ 135.617792338000186, -0.675816737999924, 0.0 ], [ 135.61745270900019, -0.676094589999934, 0.0 ], [ 135.617189166000117, -0.676249822999978, 0.0 ], [ 135.616837961000101, -0.676390857999934, 0.0 ], [ 135.616417459000218, -0.676543158999948, 0.0 ], [ 135.615763941000068, -0.676662217999933, 0.0 ], [ 135.61556487900009, -0.676710942999932, 0.0 ], [ 135.615432398000053, -0.676792942999896, 0.0 ], [ 135.61508583900013, -0.677071921999868, 0.0 ], [ 135.614959532000057, -0.677226891999908, 0.0 ], [ 135.614931891000197, -0.67732812099996, 0.0 ], [ 135.614954532000183, -0.677410504999898, 0.0 ], [ 135.615034988000048, -0.677524743999868, 0.0 ], [ 135.615158041000086, -0.677695360999962, 0.0 ], [ 135.615459832000056, -0.678081598999938, 0.0 ], [ 135.61554408500001, -0.678227939999886, 0.0 ], [ 135.615629526000021, -0.678394713999921, 0.0 ], [ 135.61578980600018, -0.678724296999917, 0.0 ], [ 135.615922413000021, -0.678988672999935, 0.0 ], [ 135.616092154000171, -0.679232074999902, 0.0 ], [ 135.616612300000043, -0.679797618999885, 0.0 ], [ 135.616825702000142, -0.680090824999922, 0.0 ], [ 135.61708674800002, -0.680506448999949, 0.0 ], [ 135.617334306000089, -0.681005352999932, 0.0 ], [ 135.617369048000114, -0.681179658999952, 0.0 ], [ 135.617355113000144, -0.681404556999894, 0.0 ], [ 135.617373328000099, -0.681875311999931, 0.0 ], [ 135.617408780000233, -0.682045234999975, 0.0 ], [ 135.617465330000073, -0.682279299999891, 0.0 ], [ 135.617706655000234, -0.683011096999962, 0.0 ], [ 135.617720999000198, -0.683277527999962, 0.0 ], [ 135.617748740000138, -0.683458893999955, 0.0 ], [ 135.617745466000201, -0.683592860999966, 0.0 ], [ 135.617695684000182, -0.68372390199994, 0.0 ], [ 135.617650890000164, -0.68380139899989, 0.0 ], [ 135.617557249000129, -0.683952971999929, 0.0 ], [ 135.617297434000079, -0.684283061999963, 0.0 ], [ 135.617154239000229, -0.68448464599993, 0.0 ], [ 135.617029995000053, -0.684580595999876, 0.0 ], [ 135.61691957000005, -0.684625353999934, 0.0 ], [ 135.616805718000023, -0.684640076999926, 0.0 ], [ 135.616696494000053, -0.68462054399987, 0.0 ], [ 135.616569044000016, -0.684571343999892, 0.0 ], [ 135.616441961000078, -0.684536942999898, 0.0 ], [ 135.616358484000216, -0.684557507999898, 0.0 ], [ 135.616308613000228, -0.684603781999954, 0.0 ], [ 135.616275464000068, -0.684677637999926, 0.0 ], [ 135.616266696000025, -0.684754520999888, 0.0 ], [ 135.616275882000082, -0.684834311999907, 0.0 ], [ 135.616316613000208, -0.684946848999971, 0.0 ], [ 135.61642388000007, -0.685257167999907, 0.0 ], [ 135.616442738000046, -0.685425119999934, 0.0 ], [ 135.616409083, -0.685519160999888, 0.0 ], [ 135.616347087, -0.685594791999961, 0.0 ], [ 135.616266190000033, -0.685656307999977, 0.0 ], [ 135.615906778000067, -0.68594723699988, 0.0 ], [ 135.615617909000093, -0.686200765999899, 0.0 ], [ 135.615398652000181, -0.68637713399994, 0.0 ], [ 135.615333066000062, -0.686452183999904, 0.0 ], [ 135.615228444000081, -0.686523675999979, 0.0 ], [ 135.615104383000016, -0.686561618999917, 0.0 ], [ 135.614887306000128, -0.686593708999908, 0.0 ], [ 135.614778266000144, -0.686646981999957, 0.0 ], [ 135.614688247000117, -0.686707940999952, 0.0 ], [ 135.614487822000115, -0.686915916999908, 0.0 ], [ 135.614356625000028, -0.687060485999893, 0.0 ], [ 135.614217816000178, -0.68724067099987, 0.0 ], [ 135.614160221000134, -0.687363076999873, 0.0 ], [ 135.614080963000106, -0.687619233999953, 0.0 ], [ 135.614032693000013, -0.687917259999892, 0.0 ], [ 135.613966540000092, -0.688194884999973, 0.0 ], [ 135.613945907000129, -0.688259713999912, 0.0 ], [ 135.61388932300008, -0.68834174899996, 0.0 ], [ 135.613830773000018, -0.688418859999956, 0.0 ], [ 135.613800632000107, -0.688496887999975, 0.0 ], [ 135.61379671900022, -0.688589296999908, 0.0 ], [ 135.613799091000033, -0.688682723999932, 0.0 ], [ 135.613814415000093, -0.688764429999935, 0.0 ], [ 135.613849102000017, -0.688863090999916, 0.0 ], [ 135.613887519000059, -0.688927349999915, 0.0 ], [ 135.614045617000215, -0.689139962999889, 0.0 ], [ 135.614098492000039, -0.689325399999973, 0.0 ], [ 135.614098094000042, -0.689401795999913, 0.0 ], [ 135.614057359000071, -0.689516798999932, 0.0 ], [ 135.614000061000183, -0.689671494999914, 0.0 ], [ 135.613940608000121, -0.689845186999889, 0.0 ], [ 135.613873480000052, -0.689975260999915, 0.0 ], [ 135.613755071000128, -0.690137561999961, 0.0 ], [ 135.613601173000234, -0.690319909999914, 0.0 ], [ 135.613443236000194, -0.690567008999949, 0.0 ], [ 135.613330574000088, -0.690710895999871, 0.0 ], [ 135.613215208000156, -0.690786310999954, 0.0 ], [ 135.613116526000113, -0.690849415999935, 0.0 ], [ 135.612854851000066, -0.690969166999935, 0.0 ], [ 135.612724222000224, -0.691041973999972, 0.0 ], [ 135.612617514000135, -0.691114969999887, 0.0 ], [ 135.612468698000043, -0.691231812999888, 0.0 ], [ 135.612242931000083, -0.691488192999941, 0.0 ], [ 135.612194419000161, -0.691537450999931, 0.0 ], [ 135.612083375000225, -0.691642908999881, 0.0 ], [ 135.611841898000193, -0.691831337999929, 0.0 ], [ 135.611708873000111, -0.691935998999895, 0.0 ], [ 135.611610535000182, -0.692008508999947, 0.0 ], [ 135.61127121200002, -0.692181090999895, 0.0 ], [ 135.610992804000148, -0.692335901999911, 0.0 ], [ 135.610867688000098, -0.692437237999968, 0.0 ], [ 135.610769281000216, -0.692527238999958, 0.0 ], [ 135.610702361000108, -0.692604836999976, 0.0 ], [ 135.610616192000066, -0.692755777999935, 0.0 ], [ 135.610571974000095, -0.692926410999917, 0.0 ], [ 135.610539292000112, -0.693037190999974, 0.0 ], [ 135.610500124000055, -0.693102701999976, 0.0 ], [ 135.610371329000145, -0.693249501999958, 0.0 ], [ 135.610253186000023, -0.693404476999888, 0.0 ], [ 135.610146232000034, -0.693587057999878, 0.0 ], [ 135.609982663000096, -0.693942869999944, 0.0 ], [ 135.609783163000088, -0.694287334999899, 0.0 ], [ 135.609736972000178, -0.694418956999868, 0.0 ], [ 135.609715491000202, -0.694494701999929, 0.0 ], [ 135.609709095000085, -0.694665011999916, 0.0 ], [ 135.609708762000082, -0.694951455999899, 0.0 ], [ 135.609703738, -0.695192921999876, 0.0 ], [ 135.609686273000079, -0.695329196999978, 0.0 ], [ 135.609634885000105, -0.695436025999925, 0.0 ], [ 135.609557415000154, -0.695527574999971, 0.0 ], [ 135.609237855000174, -0.695902339999975, 0.0 ], [ 135.609020457000042, -0.696158233999938, 0.0 ], [ 135.608890499000154, -0.696312215999967, 0.0 ], [ 135.60882545700008, -0.696440784999936, 0.0 ], [ 135.608810235000078, -0.696512016999975, 0.0 ], [ 135.6087942810002, -0.696815275999938, 0.0 ], [ 135.608750204000216, -0.697212549999904, 0.0 ], [ 135.608729666000045, -0.697396230999914, 0.0 ], [ 135.608680397000057, -0.697541171999944, 0.0 ], [ 135.608617434000053, -0.697634150999932, 0.0 ], [ 135.608502344000158, -0.697770273999879, 0.0 ], [ 135.608339337000075, -0.697889424999971, 0.0 ], [ 135.608222849000185, -0.697948860999929, 0.0 ], [ 135.608066668000106, -0.697991734999903, 0.0 ], [ 135.607897338000157, -0.698036164999962, 0.0 ], [ 135.607556530000011, -0.698178105999887, 0.0 ], [ 135.60734135600012, -0.698266697999941, 0.0 ], [ 135.607206087000122, -0.698305588999972, 0.0 ], [ 135.607092235000096, -0.698320312999954, 0.0 ], [ 135.606982164000101, -0.698311697999941, 0.0 ], [ 135.606825483000193, -0.698278029999869, 0.0 ], [ 135.60669716700022, -0.698268301999974, 0.0 ], [ 135.606582708000133, -0.698281084999962, 0.0 ], [ 135.606485015000089, -0.698298425999894, 0.0 ], [ 135.606084751000026, -0.698352433999901, 0.0 ], [ 135.605877523000117, -0.698380591999921, 0.0 ], [ 135.60577752800009, -0.698417826999901, 0.0 ], [ 135.605689956000106, -0.698457994999956, 0.0 ], [ 135.605448359000093, -0.698652852999885, 0.0 ], [ 135.60514589700017, -0.698876544999962, 0.0 ], [ 135.604911096000023, -0.699086321999971, 0.0 ], [ 135.604703243000131, -0.699271905999979, 0.0 ], [ 135.604580324000153, -0.699356352999928, 0.0 ], [ 135.604560648000074, -0.699362704999942, 0.0 ] ] ] } },
{ "type": "Feature", "properties": { "OID_": 1, "Shape_Leng": 0.04962187157, "Panjang": 5.4, "Status": "Jalan Kabupaten", "Kd_Inf": "024", "Nm_Ruas": "Warsa - Wabudori", "Fungsi": "Kolektor Primer", "Mendukung": "PKW", "Ura_Dukung": "Akses pelayanan wilayah", "Kd_Bd_PU": "02", "Kd_Jns_Inf": "01", "Kab_Kot": "Supiori", "Kecamatan": "Supiori Utara", "Desa_Kel": "Koiryakan, Warsa", "Km_Awal": "0+000", "Km_Akhir": "5+400", "Nm_Lintas": "-", "Jns_Pen": "Pemeliharaan", "Kd_Patok": "-", "Propinsi": "Papua", "Tk_Ruas_Aw": "Jalan Wabudori - Koiryakam", "Tk_Ruas_Ak": "Jalan Kpudori - Warsa", "Kl_Dat_Das": "Jalan Non Tol", "Tipe_Keras": "Macadam", "Kon_Baik": 1.0, "Kon_Sdg": 0.9, "Kon_Rgn": 3.5, "Kon_Rusak": 0.0, "Kon_T_Mntp": 3.5, "Kon_Mntp": 1.9, "Koord_X_Aw": 135.60456064799999, "Koord_Y_Aw": -0.69936270516, "Koord_X_Ak": 135.59487709800001, "Koord_Y_Ak": -0.681094561, "Lbr_Keras": 6.0, "LHRT": 50.0, "VCR": 0.0, "MST": 0.0, "Tanah_Kri": 0.0, "Macadam": 100.0, "Aspal": 0.0, "Rigid": 0.0, "Thn_Data": 2025, "Tipe_Jln": 2, "Thn_Pen_Ak": 2025 }, "geometry": { "type": "MultiLineString", "coordinates": [ [ [ 135.604560648049727, -0.699362705159794, 0.0 ], [ 135.604532132877239, -0.699374089647614, 0.0 ], [ 135.60450573474364, -0.699384330738489, 0.0 ], [ 135.604466352828865, -0.69939593099213, 0.0 ], [ 135.604419798203281, -0.699408624543221, 0.0 ], [ 135.604367958853913, -0.699433620012991, 0.0 ], [ 135.60412323800017, -0.699529988999927, 0.0 ], [ 135.603990880000083, -0.699638996999965, 0.0 ], [ 135.603863091000221, -0.699789227999872, 0.0 ], [ 135.603641191000179, -0.700270571999908, 0.0 ], [ 135.603387127000133, -0.700742207999951, 0.0 ], [ 135.603282444000229, -0.701235789999942, 0.0 ], [ 135.60326156400015, -0.701378596999916, 0.0 ], [ 135.603224802000113, -0.701480597999932, 0.0 ], [ 135.602949827000202, -0.702247971999896, 0.0 ], [ 135.602852876000043, -0.702596616999926, 0.0 ], [ 135.602726461000202, -0.702807794999956, 0.0 ], [ 135.602665761000139, -0.702863186999934, 0.0 ], [ 135.602277146000233, -0.703124109999919, 0.0 ], [ 135.602118675000156, -0.703269370999976, 0.0 ], [ 135.602025179000066, -0.70341616099995, 0.0 ], [ 135.601985887000183, -0.703603215999976, 0.0 ], [ 135.601968865000117, -0.703791628999909, 0.0 ], [ 135.60199777400021, -0.704126922999933, 0.0 ], [ 135.602102695000212, -0.704562241999895, 0.0 ], [ 135.60213834800004, -0.70485589599997, 0.0 ], [ 135.602134121000176, -0.705048630999897, 0.0 ], [ 135.602082558000234, -0.705186467999965, 0.0 ], [ 135.601880519000133, -0.705461865999894, 0.0 ], [ 135.601643601000092, -0.705772097999898, 0.0 ], [ 135.601438058000213, -0.705999697999914, 0.0 ], [ 135.601224150000121, -0.706153973999903, 0.0 ], [ 135.600856646000125, -0.706242888999952, 0.0 ], [ 135.600467474000197, -0.706382271999871, 0.0 ], [ 135.600152646000083, -0.706576428999938, 0.0 ], [ 135.599821259000123, -0.706900597999947, 0.0 ], [ 135.599467415000163, -0.707182895999949, 0.0 ], [ 135.599233490000074, -0.707349672999953, 0.0 ], [ 135.59898863900014, -0.707681109999953, 0.0 ], [ 135.598767107000072, -0.707924112999876, 0.0 ], [ 135.598656958000106, -0.708020974999897, 0.0 ], [ 135.598452341000211, -0.708131773999924, 0.0 ], [ 135.598226270000055, -0.708180622999976, 0.0 ], [ 135.597961754000039, -0.70820300399987, 0.0 ], [ 135.597506680000038, -0.708138293999923, 0.0 ], [ 135.597208209000087, -0.70807870699997, 0.0 ], [ 135.596950900000024, -0.708001046999868, 0.0 ], [ 135.596644527000194, -0.707809734999955, 0.0 ], [ 135.596473631000094, -0.70771233399995, 0.0 ], [ 135.596328277000111, -0.707693289999895, 0.0 ], [ 135.596082775000013, -0.707723248999969, 0.0 ], [ 135.595841533000112, -0.707726907999927, 0.0 ], [ 135.595587604000229, -0.7076700369999, 0.0 ], [ 135.595380177000038, -0.707645437999929, 0.0 ], [ 135.595266525000056, -0.707694501999924, 0.0 ], [ 135.595167041000082, -0.707808833999934, 0.0 ], [ 135.594945170000187, -0.708137246999968, 0.0 ], [ 135.594811578000076, -0.708295533999888, 0.0 ], [ 135.594640313000127, -0.708436474999928, 0.0 ], [ 135.594545613000037, -0.708479611999962, 0.0 ], [ 135.594456237000145, -0.708489875999874, 0.0 ], [ 135.594360163000147, -0.708472066999946, 0.0 ], [ 135.594223205000048, -0.708373415999972, 0.0 ], [ 135.593949581000174, -0.708160419999899, 0.0 ], [ 135.59381901200004, -0.70802232099993, 0.0 ], [ 135.593778776000136, -0.707923592999919, 0.0 ], [ 135.593581670000162, -0.707363138999938, 0.0 ], [ 135.593470979000131, -0.70710231299995, 0.0 ], [ 135.593387019000147, -0.706940275999955, 0.0 ], [ 135.593298028000163, -0.706795416999967, 0.0 ], [ 135.592856378000192, -0.706314556999928, 0.0 ], [ 135.592761043000223, -0.706139432999919, 0.0 ], [ 135.592711299000143, -0.705877231999921, 0.0 ], [ 135.592659950000098, -0.705583284999932, 0.0 ], [ 135.592661599000166, -0.705225950999932, 0.0 ], [ 135.592718176000062, -0.704987717999927, 0.0 ], [ 135.592774862000169, -0.704693275999944, 0.0 ], [ 135.592751602000021, -0.704475847999959, 0.0 ], [ 135.592652826000062, -0.704266430999951, 0.0 ], [ 135.592469751000067, -0.703980385999898, 0.0 ], [ 135.592359492000128, -0.703814089999923, 0.0 ], [ 135.592340029000184, -0.703628763999973, 0.0 ], [ 135.592338355000038, -0.702625411999975, 0.0 ], [ 135.592315588000019, -0.70219665299993, 0.0 ], [ 135.592219310000019, -0.701735744999894, 0.0 ], [ 135.592070574000218, -0.70137654499996, 0.0 ], [ 135.591887515000053, -0.701173718999939, 0.0 ], [ 135.591638061000026, -0.700978130999943, 0.0 ], [ 135.590657763000081, -0.70043476799998, 0.0 ], [ 135.590090808000127, -0.700088796999978, 0.0 ], [ 135.58984365300023, -0.699837354999943, 0.0 ], [ 135.589645792000056, -0.699350998999932, 0.0 ], [ 135.5895085840001, -0.69887896399996, 0.0 ], [ 135.589427432000093, -0.69853295899992, 0.0 ], [ 135.589427581000109, -0.697768302999975, 0.0 ], [ 135.589404843000125, -0.697186611999939, 0.0 ], [ 135.589360098000043, -0.696740797999894, 0.0 ], [ 135.589371672000198, -0.696558249999953, 0.0 ], [ 135.589440520000153, -0.696369233999974, 0.0 ], [ 135.589635613000041, -0.696011744999964, 0.0 ], [ 135.589713644000199, -0.695835461999934, 0.0 ], [ 135.589730542000211, -0.69562004099987, 0.0 ], [ 135.58973043200001, -0.695356882999874, 0.0 ], [ 135.589772441000036, -0.695125285999893, 0.0 ], [ 135.589780820000101, -0.694962461999921, 0.0 ], [ 135.589757375000204, -0.694704520999892, 0.0 ], [ 135.589831022000112, -0.694527527999981, 0.0 ], [ 135.589919070000178, -0.694386603999874, 0.0 ], [ 135.590160928000046, -0.694198620999941, 0.0 ], [ 135.590395456000124, -0.694083669999941, 0.0 ], [ 135.590894144000231, -0.693948530999876, 0.0 ], [ 135.591269874000204, -0.693822712999918, 0.0 ], [ 135.591500188000055, -0.69366434799997, 0.0 ], [ 135.591686732000198, -0.693512387999931, 0.0 ], [ 135.591799767000225, -0.693328279999889, 0.0 ], [ 135.591901488000076, -0.693144588999871, 0.0 ], [ 135.591985924000141, -0.693012075999945, 0.0 ], [ 135.592092523000133, -0.692937128999915, 0.0 ], [ 135.592335879000188, -0.692837102999931, 0.0 ], [ 135.592615241000203, -0.692709171999979, 0.0 ], [ 135.592776197000035, -0.692548568999939, 0.0 ], [ 135.592904927000177, -0.692364753999925, 0.0 ], [ 135.593241916000125, -0.691908797999929, 0.0 ], [ 135.593476304000092, -0.691683620999868, 0.0 ], [ 135.593547698000179, -0.691492768999979, 0.0 ], [ 135.593640914000048, -0.691125525999894, 0.0 ], [ 135.593689807000146, -0.6909625159999, 0.0 ], [ 135.593694868000057, -0.690792407999936, 0.0 ], [ 135.593554280000035, -0.690299583999945, 0.0 ], [ 135.593513426000186, -0.690065811999943, 0.0 ], [ 135.59351481300007, -0.689890609999964, 0.0 ], [ 135.593576145000156, -0.689734112999872, 0.0 ], [ 135.59375213300018, -0.689508472999933, 0.0 ], [ 135.594239582000228, -0.688831738999909, 0.0 ], [ 135.594400258000178, -0.688450682999928, 0.0 ], [ 135.59452690400019, -0.688210303999881, 0.0 ], [ 135.59455365000008, -0.688072944999931, 0.0 ], [ 135.594546056000013, -0.688008740999919, 0.0 ], [ 135.594451292000144, -0.687719007999931, 0.0 ], [ 135.594407243000205, -0.687504959999899, 0.0 ], [ 135.594392997000227, -0.687342968999928, 0.0 ], [ 135.594431533000034, -0.687230009999894, 0.0 ], [ 135.594557284000075, -0.686953501999938, 0.0 ], [ 135.594583027000112, -0.686836221999897, 0.0 ], [ 135.594575508000162, -0.686549373999981, 0.0 ], [ 135.594556277000038, -0.686334846999898, 0.0 ], [ 135.59459344000004, -0.686160940999969, 0.0 ], [ 135.59463997100022, -0.686040280999975, 0.0 ], [ 135.594811374000074, -0.685690199999954, 0.0 ], [ 135.595077816000071, -0.685211572999947, 0.0 ], [ 135.595202485000073, -0.684858420999944, 0.0 ], [ 135.595237102000169, -0.684686351999915, 0.0 ], [ 135.595230032000131, -0.68457725199994, 0.0 ], [ 135.595222885000112, -0.684371429999885, 0.0 ], [ 135.595184994000078, -0.684147133999886, 0.0 ], [ 135.59499167100023, -0.683854931999974, 0.0 ], [ 135.59473443800016, -0.683554626999978, 0.0 ], [ 135.594621633000088, -0.68339016799996, 0.0 ], [ 135.594576659000154, -0.683292920999918, 0.0 ], [ 135.594552474000011, -0.683192293999923, 0.0 ], [ 135.594550374000164, -0.683052512999893, 0.0 ], [ 135.594557626000096, -0.682882758999881, 0.0 ], [ 135.594602582000221, -0.682577420999962, 0.0 ], [ 135.594736235000028, -0.681934822999892, 0.0 ], [ 135.594765574, -0.681739117999882, 0.0 ], [ 135.594788840000206, -0.681533585999944, 0.0 ], [ 135.594835272000182, -0.681246906999888, 0.0 ], [ 135.594873488000076, -0.681109239999898, 0.0 ], [ 135.594877098000211, -0.681094560999895, 0.0 ] ] ] } },
{ "type": "Feature", "properties": { "OID_": 1, "Shape_Leng": 0.07137892843, "Panjang": 7.7, "Status": "Jalan Kabupaten", "Kd_Inf": "025", "Nm_Ruas": "Wabudori - Koiryakam", "Fungsi": "Kolektor Primer", "Mendukung": "PKW", "Ura_Dukung": "Lintas distrik", "Kd_Bd_PU": "02", "Kd_Jns_Inf": "01", "Kab_Kot": "Supiori", "Kecamatan": "Supiori Barat", "Desa_Kel": "Waryei, Koiryakan", "Km_Awal": "0+000", "Km_Akhir": "7+700", "Nm_Lintas": "-", "Jns_Pen": "Pemeliharaan", "Kd_Patok": "-", "Propinsi": "Papua", "Tk_Ruas_Aw": "Abraham Mansoben", "Tk_Ruas_Ak": "Jalan Warsa - Wabudori", "Kl_Dat_Das": "Jalan Non Tol", "Tipe_Keras": "Macadam", "Kon_Baik": 7.5, "Kon_Sdg": 0.0, "Kon_Rgn": 0.0, "Kon_Rusak": 0.2, "Kon_T_Mntp": 0.2, "Kon_Mntp": 7.5, "Koord_X_Aw": 135.59487709800001, "Koord_Y_Aw": -0.68109456077999997, "Koord_X_Ak": 135.54822284700001, "Koord_Y_Ak": -0.663851213, "Lbr_Keras": 6.0, "LHRT": 50.0, "VCR": 0.0, "MST": 0.0, "Tanah_Kri": 0.0, "Macadam": 100.0, "Aspal": 0.0, "Rigid": 0.0, "Thn_Data": 2025, "Tipe_Jln": 2, "Thn_Pen_Ak": 2025 }, "geometry": { "type": "MultiLineString", "coordinates": [ [ [ 135.59487709772776, -0.681094560778643, 0.0 ], [ 135.594891485937296, -0.681060045946372, 0.0 ], [ 135.594896887023651, -0.681038539602818, 0.0 ], [ 135.594903841738699, -0.68101320051272, 0.0 ], [ 135.594936956352399, -0.68091677099402, 0.0 ], [ 135.594969172000219, -0.680794311999932, 0.0 ], [ 135.595107255000016, -0.680477669999959, 0.0 ], [ 135.595210771000211, -0.680273343999943, 0.0 ], [ 135.595282583000085, -0.680052418999935, 0.0 ], [ 135.595280795000122, -0.67995222899998, 0.0 ], [ 135.595260678000159, -0.67985398299993, 0.0 ], [ 135.595209935000184, -0.679742588999886, 0.0 ], [ 135.595057002000203, -0.679544220999901, 0.0 ], [ 135.594808778000015, -0.679256722999924, 0.0 ], [ 135.594689279000022, -0.679104712999958, 0.0 ], [ 135.594639571000016, -0.678986934999955, 0.0 ], [ 135.594609552000065, -0.678757705999942, 0.0 ], [ 135.594540535000192, -0.678486130999943, 0.0 ], [ 135.594498626000018, -0.678330310999911, 0.0 ], [ 135.594421957000122, -0.678186875999927, 0.0 ], [ 135.594279407000045, -0.677934507999964, 0.0 ], [ 135.593931565000048, -0.677483480999911, 0.0 ], [ 135.593820484000048, -0.677370501999974, 0.0 ], [ 135.593794668000214, -0.677246767999975, 0.0 ], [ 135.593793611000024, -0.677131955999869, 0.0 ], [ 135.593783484000141, -0.676951804999874, 0.0 ], [ 135.593728917000021, -0.67623711199991, 0.0 ], [ 135.593758563000165, -0.676094518999946, 0.0 ], [ 135.593795424000064, -0.676018602999875, 0.0 ], [ 135.593989374000103, -0.675771604999966, 0.0 ], [ 135.594115580000107, -0.675588968999932, 0.0 ], [ 135.59422063500017, -0.675314470999979, 0.0 ], [ 135.594412999000042, -0.67489525499991, 0.0 ], [ 135.594518537000113, -0.674668328999871, 0.0 ], [ 135.594542710000042, -0.674549415999877, 0.0 ], [ 135.594566276000023, -0.674414026999955, 0.0 ], [ 135.594559521000178, -0.6742737269999, 0.0 ], [ 135.594534027, -0.673729148999882, 0.0 ], [ 135.5944999620001, -0.67339772899993, 0.0 ], [ 135.594526889000122, -0.673241593999876, 0.0 ], [ 135.59459219300004, -0.673050731999979, 0.0 ], [ 135.594718006000221, -0.672840190999977, 0.0 ], [ 135.59483515300019, -0.6726528129999, 0.0 ], [ 135.594929240000056, -0.672537033999902, 0.0 ], [ 135.595074316000023, -0.672470456999918, 0.0 ], [ 135.595365468000068, -0.672381682999969, 0.0 ], [ 135.595774185000096, -0.672254629999941, 0.0 ], [ 135.596183205000216, -0.672135814999933, 0.0 ], [ 135.596233789000166, -0.672096513999975, 0.0 ], [ 135.596283248000191, -0.672043929999973, 0.0 ], [ 135.596280562000175, -0.671979623999903, 0.0 ], [ 135.596257635000143, -0.67184816799994, 0.0 ], [ 135.596103563000156, -0.67111080799998, 0.0 ], [ 135.595944354000039, -0.670354600999929, 0.0 ], [ 135.595807220000097, -0.669775566999874, 0.0 ], [ 135.595640549000223, -0.669014874999903, 0.0 ], [ 135.595564867, -0.668622666999966, 0.0 ], [ 135.595504853000193, -0.668517959999917, 0.0 ], [ 135.595377769000152, -0.668392562999941, 0.0 ], [ 135.594480805000217, -0.667529966999894, 0.0 ], [ 135.593554464000022, -0.66663640999991, 0.0 ], [ 135.592969603000029, -0.66608148499995, 0.0 ], [ 135.592704353000158, -0.665848548999918, 0.0 ], [ 135.592482552000206, -0.665701259999935, 0.0 ], [ 135.592305018000047, -0.665644664999945, 0.0 ], [ 135.59200848200021, -0.665544229999966, 0.0 ], [ 135.591846424000096, -0.665442646999907, 0.0 ], [ 135.591625644000146, -0.665228377999881, 0.0 ], [ 135.59110675400018, -0.66480205299996, 0.0 ], [ 135.590723669000226, -0.664548393999951, 0.0 ], [ 135.590325065000116, -0.664329888999873, 0.0 ], [ 135.590155039000024, -0.664287611999953, 0.0 ], [ 135.590042172000039, -0.664306998999962, 0.0 ], [ 135.589638883000134, -0.664400537999938, 0.0 ], [ 135.58942263400013, -0.664421195999978, 0.0 ], [ 135.5891886510002, -0.66439967599996, 0.0 ], [ 135.588973683000177, -0.664351756999906, 0.0 ], [ 135.588296682000191, -0.664163496999947, 0.0 ], [ 135.587717162000217, -0.664020502999961, 0.0 ], [ 135.587525401000107, -0.663991082999928, 0.0 ], [ 135.586955772000124, -0.663918475999935, 0.0 ], [ 135.585936686000196, -0.663840218999951, 0.0 ], [ 135.585160810000048, -0.663766960999908, 0.0 ], [ 135.58485217100008, -0.66375136399995, 0.0 ], [ 135.584558500000185, -0.663754568999877, 0.0 ], [ 135.584318876000225, -0.66377799199995, 0.0 ], [ 135.584042008000097, -0.663910021999868, 0.0 ], [ 135.583725210000125, -0.664086354999881, 0.0 ], [ 135.583149324000146, -0.664446728999962, 0.0 ], [ 135.582484184000123, -0.664933489999896, 0.0 ], [ 135.582144101000154, -0.6651322539999, 0.0 ], [ 135.581569304000141, -0.66532411999998, 0.0 ], [ 135.580582947000153, -0.665660592999927, 0.0 ], [ 135.58028567000008, -0.665746736999949, 0.0 ], [ 135.579779123000208, -0.66581045099997, 0.0 ], [ 135.579178679000051, -0.66585731899994, 0.0 ], [ 135.578697855000087, -0.665792544999931, 0.0 ], [ 135.577583984000057, -0.665561367999885, 0.0 ], [ 135.577272916000084, -0.66547986899991, 0.0 ], [ 135.57705937500009, -0.665453471999911, 0.0 ], [ 135.576818020000132, -0.665447134999965, 0.0 ], [ 135.576316699000131, -0.665549362999968, 0.0 ], [ 135.575534486000151, -0.665717460999929, 0.0 ], [ 135.574548431000153, -0.665829615999883, 0.0 ], [ 135.573806383000033, -0.665830620999884, 0.0 ], [ 135.573181203000217, -0.66575720499992, 0.0 ], [ 135.572746052000184, -0.66568344999996, 0.0 ], [ 135.572589265000033, -0.665630214999908, 0.0 ], [ 135.572439637000116, -0.665573226999925, 0.0 ], [ 135.572180613000228, -0.665423184999895, 0.0 ], [ 135.572021152000048, -0.665366240999901, 0.0 ], [ 135.57189500100003, -0.665386751999904, 0.0 ], [ 135.571511851000082, -0.665467175999936, 0.0 ], [ 135.571019342000113, -0.665636339999878, 0.0 ], [ 135.570682585000213, -0.6658651219999, 0.0 ], [ 135.570542455, -0.666083169999979, 0.0 ], [ 135.570421846000045, -0.666211029999886, 0.0 ], [ 135.570288323000113, -0.666246723999961, 0.0 ], [ 135.570116196000185, -0.666267976999904, 0.0 ], [ 135.569949542000018, -0.666265550999867, 0.0 ], [ 135.569808478000141, -0.66633769099991, 0.0 ], [ 135.569399481000119, -0.666577700999881, 0.0 ], [ 135.56884010400006, -0.666886703999978, 0.0 ], [ 135.56862856500004, -0.666949066999962, 0.0 ], [ 135.568358787000193, -0.666946315999894, 0.0 ], [ 135.568065926000145, -0.666893968999943, 0.0 ], [ 135.56772418800017, -0.666789488999882, 0.0 ], [ 135.567487215000142, -0.666695424999943, 0.0 ], [ 135.567199028000232, -0.666502991999891, 0.0 ], [ 135.566888892000065, -0.666334845999927, 0.0 ], [ 135.566699098000072, -0.66621239299991, 0.0 ], [ 135.566571238000165, -0.666091783999889, 0.0 ], [ 135.566494322000153, -0.666010541999924, 0.0 ], [ 135.566326441000228, -0.665682011999934, 0.0 ], [ 135.566182656000137, -0.665508053999929, 0.0 ], [ 135.566079385000194, -0.665417630999912, 0.0 ], [ 135.565953818000025, -0.665333421999946, 0.0 ], [ 135.565832960000193, -0.665290919999904, 0.0 ], [ 135.56571184400002, -0.665250012999877, 0.0 ], [ 135.565496639000116, -0.665092327999901, 0.0 ], [ 135.565307350000012, -0.664906086999963, 0.0 ], [ 135.564894369000058, -0.664392102999955, 0.0 ], [ 135.564518342000042, -0.664054425999893, 0.0 ], [ 135.56426056600003, -0.663886570999978, 0.0 ], [ 135.563886124000192, -0.663721110999973, 0.0 ], [ 135.56356353700005, -0.663619731999916, 0.0 ], [ 135.563115665000169, -0.663553742999966, 0.0 ], [ 135.562961856000129, -0.663512453999942, 0.0 ], [ 135.562851517000126, -0.663445451999962, 0.0 ], [ 135.56272387100023, -0.663313412999969, 0.0 ], [ 135.562540256000034, -0.663031465999893, 0.0 ], [ 135.56207556600009, -0.662310942999966, 0.0 ], [ 135.561960978000229, -0.66212861199989, 0.0 ], [ 135.561851887000216, -0.66204379699991, 0.0 ], [ 135.56119088700018, -0.661635397999873, 0.0 ], [ 135.560303725000153, -0.661056076999898, 0.0 ], [ 135.559692714000107, -0.660652499999969, 0.0 ], [ 135.559052494000071, -0.660196697999936, 0.0 ], [ 135.558630512000036, -0.659748401999877, 0.0 ], [ 135.558180940000057, -0.659369333999962, 0.0 ], [ 135.558068320000189, -0.659326527999951, 0.0 ], [ 135.557931032000056, -0.659294465999892, 0.0 ], [ 135.55778611300002, -0.659279182999967, 0.0 ], [ 135.557480665000185, -0.659264102999941, 0.0 ], [ 135.556872398000223, -0.659227818999966, 0.0 ], [ 135.556669388000046, -0.659237518999873, 0.0 ], [ 135.556460298000047, -0.659254422999936, 0.0 ], [ 135.556239262000076, -0.659274304999883, 0.0 ], [ 135.555978374000119, -0.659297558999867, 0.0 ], [ 135.554788095000163, -0.659386462999976, 0.0 ], [ 135.553605964000099, -0.659455395999885, 0.0 ], [ 135.552816782000036, -0.659494623999933, 0.0 ], [ 135.552204212000106, -0.659505135999893, 0.0 ], [ 135.551664444000039, -0.659511061999979, 0.0 ], [ 135.551602082000045, -0.659532077999927, 0.0 ], [ 135.551534203000188, -0.659566939999877, 0.0 ], [ 135.55144765600005, -0.659646272999964, 0.0 ], [ 135.551365089000228, -0.659781931999873, 0.0 ], [ 135.551245233000145, -0.660016364999933, 0.0 ], [ 135.550957423000114, -0.660660865999887, 0.0 ], [ 135.550677883000048, -0.661254299999939, 0.0 ], [ 135.550401199000021, -0.66189077599995, 0.0 ], [ 135.550204350000058, -0.66231745399989, 0.0 ], [ 135.550127211000131, -0.662419599999907, 0.0 ], [ 135.550081201000012, -0.662471105999884, 0.0 ], [ 135.549974561000113, -0.662573386999952, 0.0 ], [ 135.549855626000181, -0.662660574999961, 0.0 ], [ 135.549677869000107, -0.662787367999954, 0.0 ], [ 135.549272761000111, -0.66306403699997, 0.0 ], [ 135.548843914000145, -0.663384345999873, 0.0 ], [ 135.548681737000038, -0.663495030999968, 0.0 ], [ 135.548518172000172, -0.663622234999934, 0.0 ], [ 135.548398152000118, -0.663719140999888, 0.0 ], [ 135.548310168000171, -0.663782596999965, 0.0 ], [ 135.548230152000087, -0.663842814999896, 0.0 ], [ 135.548222847000147, -0.663851212999873, 0.0 ] ] ] } },
{ "type": "Feature", "properties": { "OID_": 1, "Shape_Leng": 0.1638808583, "Panjang": 31.14, "Status": "Jalan Kabupaten", "Kd_Inf": "026", "Nm_Ruas": "Koiryakam - Rusweri Porisa", "Fungsi": "Kolektor Primer", "Mendukung": "PKW", "Ura_Dukung": "Penghubung wilayah", "Kd_Bd_PU": "02", "Kd_Jns_Inf": "01", "Kab_Kot": "Supiori", "Kecamatan": "Kepulauan Aruri", "Desa_Kel": "Wayori, Waryei", "Km_Awal": "0+000", "Km_Akhir": "31+140", "Nm_Lintas": "-", "Jns_Pen": "Pemeliharaan", "Kd_Patok": "-", "Propinsi": "Papua", "Tk_Ruas_Aw": "Maudori Supiori", "Tk_Ruas_Ak": "Abraham Mansoben", "Kl_Dat_Das": "Jalan Non Tol", "Tipe_Keras": "Macadam, Kerikil", "Kon_Baik": 10.1, "Kon_Sdg": 6.3, "Kon_Rgn": 0.0, "Kon_Rusak": 14.74, "Kon_T_Mntp": 14.74, "Kon_Mntp": 16.4, "Koord_X_Aw": 135.54822284700001, "Koord_Y_Aw": -0.66385121273000003, "Koord_X_Ak": 135.44394, "Koord_Y_Ak": -0.65875, "Lbr_Keras": 6.0, "LHRT": 30.0, "VCR": 0.0, "MST": 0.0, "Tanah_Kri": 47.0, "Macadam": 53.0, "Aspal": 0.0, "Rigid": 0.0, "Thn_Data": 2025, "Tipe_Jln": 2, "Thn_Pen_Ak": 2025 }, "geometry": { "type": "MultiLineString", "coordinates": [ [ [ 135.548222847209814, -0.663851212730562, 0.0 ], [ 135.548197486539436, -0.663874483881202, 0.0 ], [ 135.548173948326877, -0.663887774671294, 0.0 ], [ 135.548149883232639, -0.6639104187086, 0.0 ], [ 135.548107856125768, -0.66394349348762, 0.0 ], [ 135.548088980486142, -0.663960692135868, 0.0 ], [ 135.548051762000114, -0.663989751999964, 0.0 ], [ 135.547848483000053, -0.664173005999942, 0.0 ], [ 135.547657713000149, -0.664359923999882, 0.0 ], [ 135.547398670000234, -0.664553798999918, 0.0 ], [ 135.547215170000186, -0.664645269999937, 0.0 ], [ 135.547055215000114, -0.664712711999925, 0.0 ], [ 135.546760219000134, -0.664774659999978, 0.0 ], [ 135.546590688000038, -0.66484055199993, 0.0 ], [ 135.546378340000047, -0.664958466999906, 0.0 ], [ 135.545922648000101, -0.665274436999937, 0.0 ], [ 135.545381703000089, -0.665661760999967, 0.0 ], [ 135.545271017000118, -0.665809242999956, 0.0 ], [ 135.545240595000109, -0.665956622999886, 0.0 ], [ 135.54520209500015, -0.6662550019999, 0.0 ], [ 135.545182991000161, -0.666494289999889, 0.0 ], [ 135.545222777000049, -0.666825001999882, 0.0 ], [ 135.545364666000182, -0.667455574999963, 0.0 ], [ 135.545440967000218, -0.667924855999956, 0.0 ], [ 135.54553739500011, -0.668320423999944, 0.0 ], [ 135.545612233000156, -0.668586390999906, 0.0 ], [ 135.545613639000067, -0.668719272999965, 0.0 ], [ 135.545557853000105, -0.668841254999961, 0.0 ], [ 135.545455326000024, -0.669029363999869, 0.0 ], [ 135.545316185000161, -0.669231194999952, 0.0 ], [ 135.545149993000109, -0.669387701999938, 0.0 ], [ 135.545062795000149, -0.669440724999959, 0.0 ], [ 135.545008413000119, -0.669463033999875, 0.0 ], [ 135.544891578000147, -0.669486690999975, 0.0 ], [ 135.544677959000069, -0.66950122399993, 0.0 ], [ 135.54456065300019, -0.669537906999949, 0.0 ], [ 135.544426749000081, -0.669606293999891, 0.0 ], [ 135.544263130000104, -0.669686243999934, 0.0 ], [ 135.544093464000184, -0.66972263599996, 0.0 ], [ 135.543873203000089, -0.669737729999952, 0.0 ], [ 135.543705897000109, -0.669708994999951, 0.0 ], [ 135.54356748500004, -0.669663648999972, 0.0 ], [ 135.543426274000012, -0.669645690999971, 0.0 ], [ 135.543315430000121, -0.669642477999957, 0.0 ], [ 135.542913287000147, -0.669637939999973, 0.0 ], [ 135.542753792000099, -0.669631759999959, 0.0 ], [ 135.542449107000039, -0.669551294999962, 0.0 ], [ 135.542270799000107, -0.669499487999872, 0.0 ], [ 135.542127431000154, -0.669474628999922, 0.0 ], [ 135.541885603000196, -0.669481317999953, 0.0 ], [ 135.541789729000016, -0.669496905999893, 0.0 ], [ 135.54126936900002, -0.669504337999911, 0.0 ], [ 135.541058166000198, -0.669524175999868, 0.0 ], [ 135.540595348000124, -0.669560579999938, 0.0 ], [ 135.540453980000166, -0.669624481999904, 0.0 ], [ 135.540308084000117, -0.669686013999922, 0.0 ], [ 135.540202118000025, -0.669703242999958, 0.0 ], [ 135.540069797000228, -0.669711289999896, 0.0 ], [ 135.539940106000017, -0.669713212999966, 0.0 ], [ 135.539576882000233, -0.669791951999912, 0.0 ], [ 135.539419343000077, -0.669864698999959, 0.0 ], [ 135.539311747000056, -0.669932432999872, 0.0 ], [ 135.539057896000031, -0.67021558599987, 0.0 ], [ 135.538899347000211, -0.670415911999953, 0.0 ], [ 135.538846875000104, -0.670507313999963, 0.0 ], [ 135.538774974000148, -0.670708570999977, 0.0 ], [ 135.538697014000036, -0.670805670999925, 0.0 ], [ 135.538524528000153, -0.670980810999936, 0.0 ], [ 135.538321463000102, -0.671152635999874, 0.0 ], [ 135.538173757000209, -0.671225338999932, 0.0 ], [ 135.538037133000103, -0.671280182999965, 0.0 ], [ 135.537900947000026, -0.671372765999877, 0.0 ], [ 135.537821087000111, -0.671461369999918, 0.0 ], [ 135.53769999400015, -0.671541656999977, 0.0 ], [ 135.537494760000072, -0.671645984999941, 0.0 ], [ 135.537329893000219, -0.671743748999916, 0.0 ], [ 135.537258834000227, -0.671838690999948, 0.0 ], [ 135.537185460000046, -0.672008592999873, 0.0 ], [ 135.537061760000142, -0.672216200999912, 0.0 ], [ 135.536938308000231, -0.672361614999886, 0.0 ], [ 135.536860257000058, -0.672439047999887, 0.0 ], [ 135.536716778000141, -0.672505883999918, 0.0 ], [ 135.536627073000091, -0.672533934999933, 0.0 ], [ 135.536541257000067, -0.672598646999973, 0.0 ], [ 135.53651573500008, -0.672655107999901, 0.0 ], [ 135.536492293000151, -0.672759400999951, 0.0 ], [ 135.536489933000098, -0.672824526999932, 0.0 ], [ 135.536378113000069, -0.673130683999943, 0.0 ], [ 135.536350288000222, -0.67332270299994, 0.0 ], [ 135.536364439000067, -0.673569014999941, 0.0 ], [ 135.536460676000161, -0.673864650999974, 0.0 ], [ 135.536474995000162, -0.674089699999968, 0.0 ], [ 135.536455823000097, -0.674197958999969, 0.0 ], [ 135.53634272100021, -0.674340136999888, 0.0 ], [ 135.535749114000055, -0.674951485999941, 0.0 ], [ 135.535634809000044, -0.675121309999952, 0.0 ], [ 135.535505052000076, -0.675224760999924, 0.0 ], [ 135.535402153000177, -0.675273602999937, 0.0 ], [ 135.535271990000183, -0.675288550999937, 0.0 ], [ 135.535066002, -0.675286304999929, 0.0 ], [ 135.53483192900012, -0.675245117999907, 0.0 ], [ 135.534547609000015, -0.675200705999941, 0.0 ], [ 135.533887128000174, -0.6750216719999, 0.0 ], [ 135.532908679000116, -0.674763296999913, 0.0 ], [ 135.532592778000208, -0.674671188999923, 0.0 ], [ 135.532347230000141, -0.674619954999969, 0.0 ], [ 135.53215788600005, -0.674595838999892, 0.0 ], [ 135.531968160000019, -0.674604414999919, 0.0 ], [ 135.531792414000051, -0.674648009999885, 0.0 ], [ 135.531319863000135, -0.674764723999942, 0.0 ], [ 135.530742425000085, -0.674902116999931, 0.0 ], [ 135.530283675000192, -0.675014515999919, 0.0 ], [ 135.530034565000165, -0.675056053999867, 0.0 ], [ 135.529577860000131, -0.675034490999963, 0.0 ], [ 135.529367421000188, -0.67498894299996, 0.0 ], [ 135.529087967, -0.674904376999962, 0.0 ], [ 135.528858928000091, -0.67480177199991, 0.0 ], [ 135.528707523000094, -0.674705189999884, 0.0 ], [ 135.528469493000216, -0.674496314999942, 0.0 ], [ 135.52828464300012, -0.674292777999881, 0.0 ], [ 135.528100860000109, -0.674032093999926, 0.0 ], [ 135.528012536000119, -0.673839277999946, 0.0 ], [ 135.527926797000191, -0.67363050299997, 0.0 ], [ 135.527863288000049, -0.673517040999911, 0.0 ], [ 135.527773942000067, -0.673391204999973, 0.0 ], [ 135.527644137000038, -0.673252265999963, 0.0 ], [ 135.527475089000177, -0.673133173999872, 0.0 ], [ 135.527359496000031, -0.673076316999868, 0.0 ], [ 135.527097704000084, -0.672960435999869, 0.0 ], [ 135.526744552000196, -0.672801214999936, 0.0 ], [ 135.526385100000084, -0.672643403999928, 0.0 ], [ 135.526211574000172, -0.672541210999896, 0.0 ], [ 135.525980073000028, -0.672347038999931, 0.0 ], [ 135.525835559000029, -0.672166955999955, 0.0 ], [ 135.525676706000127, -0.671932931999947, 0.0 ], [ 135.525552833000233, -0.671805381999945, 0.0 ], [ 135.525415129000066, -0.671691986999974, 0.0 ], [ 135.52518399600001, -0.671578034999868, 0.0 ], [ 135.524969069000122, -0.671495249999964, 0.0 ], [ 135.524632549000103, -0.671417061999875, 0.0 ], [ 135.524393706000183, -0.671384449999948, 0.0 ], [ 135.524219673000061, -0.671386626999947, 0.0 ], [ 135.524069952000218, -0.67140367199994, 0.0 ], [ 135.523745069000029, -0.671456110999941, 0.0 ], [ 135.523443005000104, -0.671498885999938, 0.0 ], [ 135.523287083000014, -0.671539217999964, 0.0 ], [ 135.523087651000196, -0.671611974999962, 0.0 ], [ 135.522975168000016, -0.671669058999953, 0.0 ], [ 135.522771957000032, -0.671798895999871, 0.0 ], [ 135.522455730000047, -0.672041598999954, 0.0 ], [ 135.522234246000039, -0.67220551999992, 0.0 ], [ 135.522002151000038, -0.672333714999979, 0.0 ], [ 135.521801123000159, -0.672423824999953, 0.0 ], [ 135.521505565000211, -0.672531417999892, 0.0 ], [ 135.521258763000219, -0.672611684999879, 0.0 ], [ 135.520831483000052, -0.672771422999972, 0.0 ], [ 135.520608539000023, -0.672831870999971, 0.0 ], [ 135.520345239000108, -0.672860276999927, 0.0 ], [ 135.520178257000225, -0.672852664999937, 0.0 ], [ 135.520043654000119, -0.672813859999906, 0.0 ], [ 135.519914435000032, -0.672745563999968, 0.0 ], [ 135.519859072000145, -0.672686192999947, 0.0 ], [ 135.519815941000047, -0.672607548999906, 0.0 ], [ 135.519794975000082, -0.67252702899998, 0.0 ], [ 135.519786289000081, -0.672438174999911, 0.0 ], [ 135.519794285000216, -0.672268825999936, 0.0 ], [ 135.519826464000062, -0.672107643999936, 0.0 ], [ 135.519896076, -0.67192155399988, 0.0 ], [ 135.519986792000054, -0.67169515899991, 0.0 ], [ 135.520001764000085, -0.671628961999943, 0.0 ], [ 135.519998059000045, -0.671573099999932, 0.0 ], [ 135.519985649000205, -0.671488499999953, 0.0 ], [ 135.519945484000232, -0.671369041999924, 0.0 ], [ 135.519877694000115, -0.671221424999942, 0.0 ], [ 135.519784363000099, -0.671070278999878, 0.0 ], [ 135.519674196000096, -0.670944340999938, 0.0 ], [ 135.519457297000031, -0.670753748999971, 0.0 ], [ 135.519192162000195, -0.670553521999921, 0.0 ], [ 135.518903003000219, -0.670336651999946, 0.0 ], [ 135.518632463000017, -0.670139799999902, 0.0 ], [ 135.518282386000124, -0.669920350999973, 0.0 ], [ 135.517989122000131, -0.669732571999873, 0.0 ], [ 135.517739264000056, -0.669554251999955, 0.0 ], [ 135.517453835000197, -0.669355596999935, 0.0 ], [ 135.517280839000023, -0.66926138499997, 0.0 ], [ 135.517095516000154, -0.669187037999961, 0.0 ], [ 135.516902409000181, -0.669134506999967, 0.0 ], [ 135.516708135000158, -0.669085429999882, 0.0 ], [ 135.51645465200022, -0.669019476999949, 0.0 ], [ 135.516116420000117, -0.668933116999881, 0.0 ], [ 135.515775321000206, -0.668823215999964, 0.0 ], [ 135.515525047000096, -0.668726203999938, 0.0 ], [ 135.515290550000145, -0.668674255999974, 0.0 ], [ 135.515075361000186, -0.668641831999935, 0.0 ], [ 135.514771742000221, -0.668581725999957, 0.0 ], [ 135.514487388000134, -0.668488909999894, 0.0 ], [ 135.514272095000024, -0.668412137999951, 0.0 ], [ 135.513983532000225, -0.668304066999895, 0.0 ], [ 135.513707221000118, -0.668202837999957, 0.0 ], [ 135.513463940000179, -0.66812639099993, 0.0 ], [ 135.513248842000166, -0.668070904999979, 0.0 ], [ 135.513197185000081, -0.668067396999959, 0.0 ], [ 135.513153158000023, -0.668073018999962, 0.0 ], [ 135.513082123000117, -0.668099164999887, 0.0 ], [ 135.513016751, -0.668135336999967, 0.0 ], [ 135.512951050000197, -0.66820728499988, 0.0 ], [ 135.512791454000194, -0.668435276999901, 0.0 ], [ 135.512689470000055, -0.668611264999925, 0.0 ], [ 135.512619265000012, -0.668711025999926, 0.0 ], [ 135.512515742000232, -0.668787778999956, 0.0 ], [ 135.512358587000108, -0.668903213999897, 0.0 ], [ 135.512204820000079, -0.669005228999936, 0.0 ], [ 135.512063718000149, -0.66909654299991, 0.0 ], [ 135.511985653000011, -0.669158593999896, 0.0 ], [ 135.511897966000106, -0.669250057999932, 0.0 ], [ 135.511781567000185, -0.669398812999873, 0.0 ], [ 135.511719029000119, -0.669451233999951, 0.0 ], [ 135.511503962000234, -0.669553036999957, 0.0 ], [ 135.51141190300018, -0.669615250999925, 0.0 ], [ 135.511292758000081, -0.669702226999959, 0.0 ], [ 135.511150388000033, -0.669775116999915, 0.0 ], [ 135.510821650000025, -0.66991134299991, 0.0 ], [ 135.510691219000023, -0.669944265999902, 0.0 ], [ 135.510608987000182, -0.669957059999888, 0.0 ], [ 135.510515094000084, -0.669963106999944, 0.0 ], [ 135.510259370000085, -0.669967233999955, 0.0 ], [ 135.509961315000169, -0.669981508999967, 0.0 ], [ 135.509656784000072, -0.670002022999881, 0.0 ], [ 135.509470379000049, -0.670035594999888, 0.0 ], [ 135.509350933000178, -0.67005693699997, 0.0 ], [ 135.509108624000078, -0.67012821499992, 0.0 ], [ 135.508683430000019, -0.670248818999937, 0.0 ], [ 135.508523170000103, -0.670267193999962, 0.0 ], [ 135.508424331000015, -0.670247540999924, 0.0 ], [ 135.508354262000012, -0.670226475999868, 0.0 ], [ 135.508296863000169, -0.670217179999895, 0.0 ], [ 135.508189260000222, -0.670199143999923, 0.0 ], [ 135.508103793000146, -0.670194410999898, 0.0 ], [ 135.508030574000031, -0.6701740499999, 0.0 ], [ 135.507964119000121, -0.670145675999947, 0.0 ], [ 135.507902314000034, -0.670099835999963, 0.0 ], [ 135.507790180000029, -0.669974793999927, 0.0 ], [ 135.507653926000103, -0.669747466999979, 0.0 ], [ 135.507517953000161, -0.669597878999923, 0.0 ], [ 135.507399756000041, -0.669532002999972, 0.0 ], [ 135.507217478000143, -0.669449106999878, 0.0 ], [ 135.506772803000104, -0.669283680999968, 0.0 ], [ 135.506643471000075, -0.669203429999868, 0.0 ], [ 135.506566178000185, -0.669085645999928, 0.0 ], [ 135.506323698000074, -0.668623829999888, 0.0 ], [ 135.506260426000154, -0.668520177999937, 0.0 ], [ 135.506179786000189, -0.668459673999962, 0.0 ], [ 135.506052723000039, -0.668402028999935, 0.0 ], [ 135.50579172900018, -0.668310831999918, 0.0 ], [ 135.505663649000212, -0.668241160999912, 0.0 ], [ 135.505470352000088, -0.6681164499999, 0.0 ], [ 135.505297119000147, -0.667959405999966, 0.0 ], [ 135.505036358000098, -0.667656232999946, 0.0 ], [ 135.50484662100007, -0.667363080999905, 0.0 ], [ 135.50480336000021, -0.66716333599993, 0.0 ], [ 135.504794863000143, -0.666831338999884, 0.0 ], [ 135.504798128000061, -0.666756254999882, 0.0 ], [ 135.5048545410001, -0.666517796999869, 0.0 ], [ 135.504893669000126, -0.666340290999869, 0.0 ], [ 135.504960255000128, -0.666011558999912, 0.0 ], [ 135.504972524000095, -0.665853424999909, 0.0 ], [ 135.504940210000086, -0.665732547999937, 0.0 ], [ 135.504838704000122, -0.665581189999955, 0.0 ], [ 135.504734979000091, -0.665470986999878, 0.0 ], [ 135.504562682000028, -0.665308162999906, 0.0 ], [ 135.504427255000223, -0.665210615999911, 0.0 ], [ 135.503964113000166, -0.664847977999955, 0.0 ], [ 135.503273967000041, -0.664303277999977, 0.0 ], [ 135.50305559200001, -0.664113717999953, 0.0 ], [ 135.502802228000178, -0.663902182999948, 0.0 ], [ 135.502739230000088, -0.663805987999979, 0.0 ], [ 135.502705512000148, -0.663693779999903, 0.0 ], [ 135.50268335300018, -0.663583442999936, 0.0 ], [ 135.50268042100015, -0.663363542999946, 0.0 ], [ 135.50267237200012, -0.663129469999944, 0.0 ], [ 135.502635175000137, -0.662992975999941, 0.0 ], [ 135.502514469000062, -0.66269469599996, 0.0 ], [ 135.502367086000049, -0.662350582999977, 0.0 ], [ 135.502036499000155, -0.661773679999953, 0.0 ], [ 135.501866265000103, -0.661378421999927, 0.0 ], [ 135.501782247000051, -0.661210622999874, 0.0 ], [ 135.501504026000021, -0.660683992999907, 0.0 ], [ 135.501296602000139, -0.660377041999936, 0.0 ], [ 135.500863075000211, -0.659706833999905, 0.0 ], [ 135.500595273000044, -0.659186245999877, 0.0 ], [ 135.500451930000054, -0.65899855299989, 0.0 ], [ 135.500263805000031, -0.658801290999918, 0.0 ], [ 135.500190027000144, -0.658698994999895, 0.0 ], [ 135.500103356000182, -0.658490364999977, 0.0 ], [ 135.500054631000125, -0.658276298999908, 0.0 ], [ 135.500053548000096, -0.658039832999975, 0.0 ], [ 135.500017636000166, -0.657832474999964, 0.0 ], [ 135.499851703000218, -0.657555409999873, 0.0 ], [ 135.499669508000125, -0.65742165599994, 0.0 ], [ 135.499492640000085, -0.657383742999968, 0.0 ], [ 135.499216082000089, -0.657332000999872, 0.0 ], [ 135.498931766000055, -0.657228036999868, 0.0 ], [ 135.498676541000123, -0.65707318799997, 0.0 ], [ 135.498223860000053, -0.656735779999906, 0.0 ], [ 135.49794952700006, -0.656512971999973, 0.0 ], [ 135.497876910000173, -0.656417813999894, 0.0 ], [ 135.4978197920002, -0.656341382999869, 0.0 ], [ 135.497763945000088, -0.656214191999936, 0.0 ], [ 135.497586086000069, -0.655467248999969, 0.0 ], [ 135.497546850000049, -0.655108774999974, 0.0 ], [ 135.497542906000035, -0.65490427799989, 0.0 ], [ 135.497611769000173, -0.654507714999966, 0.0 ], [ 135.497688533000087, -0.654276907999872, 0.0 ], [ 135.497748727000157, -0.654149911999923, 0.0 ], [ 135.497774877000097, -0.654084490999935, 0.0 ], [ 135.497904032000065, -0.65380576799987, 0.0 ], [ 135.497915546000172, -0.653751889999967, 0.0 ], [ 135.497922176000202, -0.65369073099987, 0.0 ], [ 135.497906161000174, -0.653617714999939, 0.0 ], [ 135.497865691000015, -0.653544013999976, 0.0 ], [ 135.497764668000059, -0.653480158999912, 0.0 ], [ 135.497638079000012, -0.653462930999922, 0.0 ], [ 135.497531825000124, -0.653459672999929, 0.0 ], [ 135.497167556000022, -0.653474391999907, 0.0 ], [ 135.496677425000144, -0.653496936999886, 0.0 ], [ 135.496465727000214, -0.653488131999893, 0.0 ], [ 135.496169235000139, -0.653516556999932, 0.0 ], [ 135.495899100000088, -0.653553884999894, 0.0 ], [ 135.495134527000118, -0.653740470999878, 0.0 ], [ 135.494578170000068, -0.653914449999888, 0.0 ], [ 135.4940265030001, -0.654045173999975, 0.0 ], [ 135.493325329000072, -0.654094202999943, 0.0 ], [ 135.493031634000204, -0.654097309999941, 0.0 ], [ 135.492559200000187, -0.654064227999925, 0.0 ], [ 135.492363594000153, -0.654065122999953, 0.0 ], [ 135.492001370000025, -0.65411142499994, 0.0 ], [ 135.491723797000077, -0.654171437999935, 0.0 ], [ 135.491366541000161, -0.654276458999902, 0.0 ], [ 135.491110503000073, -0.654292903999931, 0.0 ], [ 135.490972001000046, -0.654321146999962, 0.0 ], [ 135.490872026000034, -0.654424401999904, 0.0 ], [ 135.490689364000218, -0.65481469599996, 0.0 ], [ 135.490437258000043, -0.655946626999935, 0.0 ], [ 135.490346876000103, -0.656862235999881, 0.0 ], [ 135.490222413000197, -0.657518950999872, 0.0 ], [ 135.49010383600023, -0.658049930999937, 0.0 ], [ 135.490060247000088, -0.658408454999915, 0.0 ], [ 135.490056970000069, -0.65871921299987, 0.0 ], [ 135.490052426000034, -0.658881360999885, 0.0 ], [ 135.489999545000046, -0.659006722999891, 0.0 ], [ 135.489868894000097, -0.6592099799999, 0.0 ], [ 135.489274828000021, -0.659682044999897, 0.0 ], [ 135.488967622000018, -0.659813270999905, 0.0 ], [ 135.488822538000022, -0.659815109999897, 0.0 ], [ 135.488660763000098, -0.659763570999871, 0.0 ], [ 135.488489921000223, -0.659656267999878, 0.0 ], [ 135.488291334000223, -0.659519134999925, 0.0 ], [ 135.488116592000097, -0.659458255999937, 0.0 ], [ 135.487855685000113, -0.6594377159999, 0.0 ], [ 135.486781481000207, -0.659477291999906, 0.0 ], [ 135.486349186000098, -0.659486906999916, 0.0 ], [ 135.486247869000067, -0.65955374899994, 0.0 ], [ 135.486021415000209, -0.659745108999971, 0.0 ], [ 135.485950799000079, -0.659845880999967, 0.0 ], [ 135.485912226000096, -0.660016995999968, 0.0 ], [ 135.485860141000217, -0.660316228999875, 0.0 ], [ 135.485769954000148, -0.660761315999935, 0.0 ], [ 135.485697849000076, -0.661050067999952, 0.0 ], [ 135.485416155000053, -0.661493094999912, 0.0 ], [ 135.485235579000232, -0.661825811999904, 0.0 ], [ 135.484923509000168, -0.662434042999962, 0.0 ], [ 135.484772738000174, -0.662605083999892, 0.0 ], [ 135.484494520000112, -0.662780819999966, 0.0 ], [ 135.484244471000125, -0.66289571599998, 0.0 ], [ 135.484122391000142, -0.662883036999972, 0.0 ], [ 135.483945062000089, -0.662842320999971, 0.0 ], [ 135.483781315000101, -0.662791809999874, 0.0 ], [ 135.483304478000036, -0.662526656999887, 0.0 ], [ 135.483067116000143, -0.662412244999928, 0.0 ], [ 135.48279639000009, -0.662380391999875, 0.0 ], [ 135.482645292000029, -0.662399900999958, 0.0 ], [ 135.482412485000054, -0.662430165999979, 0.0 ], [ 135.481977052000161, -0.662279674999979, 0.0 ], [ 135.48171453000009, -0.662197171999878, 0.0 ], [ 135.481435873, -0.6619921059999, 0.0 ], [ 135.481232725000154, -0.661839253999972, 0.0 ], [ 135.480810324000231, -0.66155892799992, 0.0 ], [ 135.480661420000047, -0.661490829999877, 0.0 ], [ 135.480478302000165, -0.661461170999928, 0.0 ], [ 135.480298560000165, -0.661460046999935, 0.0 ], [ 135.480067015000145, -0.661482519999936, 0.0 ], [ 135.479815579000046, -0.661553749999939, 0.0 ], [ 135.47965668900008, -0.661571996999953, 0.0 ], [ 135.47932551800011, -0.661518358999956, 0.0 ], [ 135.479008230000204, -0.661379005999947, 0.0 ], [ 135.478621745000055, -0.661148478999905, 0.0 ], [ 135.4783781860001, -0.661018766999916, 0.0 ], [ 135.478209616000186, -0.66095570799996, 0.0 ], [ 135.477923994000207, -0.660797238999976, 0.0 ], [ 135.477659534000168, -0.660642196999959, 0.0 ], [ 135.477437027000065, -0.660541004999914, 0.0 ], [ 135.477252878000058, -0.660482492999961, 0.0 ], [ 135.477007593000167, -0.660351267999943, 0.0 ], [ 135.476752644000044, -0.660222011999963, 0.0 ], [ 135.476487048000081, -0.66003505499998, 0.0 ], [ 135.476298088000135, -0.659827726999936, 0.0 ], [ 135.476279564000038, -0.659785539999916, 0.0 ], [ 135.476300388000141, -0.659656967999922, 0.0 ], [ 135.476299399000141, -0.6594408979999, 0.0 ], [ 135.47630189400013, -0.659277370999973, 0.0 ], [ 135.476184888000148, -0.65899993599993, 0.0 ], [ 135.476087551000205, -0.658946777999972, 0.0 ], [ 135.475958348000063, -0.658929849999936, 0.0 ], [ 135.475627397000153, -0.658924227999876, 0.0 ], [ 135.475441535000073, -0.658862137999904, 0.0 ], [ 135.47528736400011, -0.658777192999878, 0.0 ], [ 135.475045527000134, -0.658394167999916, 0.0 ], [ 135.474862792000181, -0.65816465499995, 0.0 ], [ 135.474590145000093, -0.657996546999868, 0.0 ], [ 135.474487995000231, -0.657936020999955, 0.0 ], [ 135.473986848000209, -0.657746897999914, 0.0 ], [ 135.473688931000197, -0.657586692999871, 0.0 ], [ 135.473492725000028, -0.657390982999971, 0.0 ], [ 135.473453735000021, -0.657236729999966, 0.0 ], [ 135.473566197000082, -0.656715169999927, 0.0 ], [ 135.473738091000087, -0.656419145999905, 0.0 ], [ 135.473822267000173, -0.656096919999925, 0.0 ], [ 135.473528902000112, -0.65551362899987, 0.0 ], [ 135.473394292000194, -0.655307903999926, 0.0 ], [ 135.473057906000122, -0.6549655419999, 0.0 ], [ 135.472732716000223, -0.654800918999968, 0.0 ], [ 135.472385742000029, -0.654696741999885, 0.0 ], [ 135.472099953000111, -0.654634460999944, 0.0 ], [ 135.471876583000153, -0.654458340999952, 0.0 ], [ 135.471772182000109, -0.654189536999922, 0.0 ], [ 135.471726853000177, -0.653926302999878, 0.0 ], [ 135.471453465000081, -0.65373808399994, 0.0 ], [ 135.47073232400021, -0.653401375999977, 0.0 ], [ 135.470327208000072, -0.653211813999917, 0.0 ], [ 135.470040679000135, -0.65312942099996, 0.0 ], [ 135.469724983000106, -0.653054298999962, 0.0 ], [ 135.469264690000159, -0.652859797999952, 0.0 ], [ 135.469042803000093, -0.652723901999877, 0.0 ], [ 135.46875234800018, -0.652492935999874, 0.0 ], [ 135.468437007000148, -0.652070016999971, 0.0 ], [ 135.46772030700015, -0.65128621599996, 0.0 ], [ 135.467222507000201, -0.65097768499993, 0.0 ], [ 135.466851936000126, -0.650821705999874, 0.0 ], [ 135.46649127000012, -0.650703315999976, 0.0 ], [ 135.466264773000148, -0.650694619999967, 0.0 ], [ 135.465756714000122, -0.650696296999911, 0.0 ], [ 135.465185576000067, -0.650667765999913, 0.0 ], [ 135.464692883000112, -0.65058111999997, 0.0 ], [ 135.464607659000194, -0.650492650999922, 0.0 ], [ 135.464524324000081, -0.650381422999942, 0.0 ], [ 135.464415702000224, -0.65013579299989, 0.0 ], [ 135.464301939000052, -0.649921906999964, 0.0 ], [ 135.464115820000075, -0.649685442999953, 0.0 ], [ 135.463928286000169, -0.649524761999942, 0.0 ], [ 135.463708536000127, -0.649384199999872, 0.0 ], [ 135.463390126000036, -0.649249377999979, 0.0 ], [ 135.462904501000139, -0.649029556999949, 0.0 ], [ 135.462510407000195, -0.648915052999939, 0.0 ], [ 135.462342248000027, -0.648880577999932, 0.0 ], [ 135.461992493000139, -0.648827549999908, 0.0 ], [ 135.461547977000123, -0.648733835999963, 0.0 ], [ 135.46086304500011, -0.648604802999955, 0.0 ], [ 135.460551318000171, -0.64851811799997, 0.0 ], [ 135.460264678000044, -0.648522366999885, 0.0 ], [ 135.460036956000067, -0.648565115999872, 0.0 ], [ 135.459660450000229, -0.648699595999972, 0.0 ], [ 135.459439137000118, -0.648859211999877, 0.0 ], [ 135.459217636000176, -0.64907491699995, 0.0 ], [ 135.459163427000021, -0.649116630999913, 0.0 ], [ 135.459021742000118, -0.649349575999963, 0.0 ], [ 135.459014198000204, -0.64954427299989, 0.0 ], [ 135.459115444000076, -0.649832556999911, 0.0 ], [ 135.459265035000044, -0.65019264599988, 0.0 ], [ 135.45923515700008, -0.650327747999881, 0.0 ], [ 135.459040819000165, -0.650540169999942, 0.0 ], [ 135.458917352000185, -0.650784061999957, 0.0 ], [ 135.458874743000138, -0.650973078999868, 0.0 ], [ 135.458823466000013, -0.651536534999877, 0.0 ], [ 135.458646223000187, -0.651939647999939, 0.0 ], [ 135.458304793000025, -0.652196217999915, 0.0 ], [ 135.458017030000065, -0.652269559999979, 0.0 ], [ 135.457739033000053, -0.652208540999879, 0.0 ], [ 135.457494892000227, -0.651889115999893, 0.0 ], [ 135.457371833000138, -0.651513332999912, 0.0 ], [ 135.457412602000204, -0.65106412699987, 0.0 ], [ 135.457387165000114, -0.65075213599988, 0.0 ], [ 135.457272777000071, -0.650569677999897, 0.0 ], [ 135.457057639000027, -0.650490850999972, 0.0 ], [ 135.456754373000194, -0.650437733999922, 0.0 ], [ 135.456605278000211, -0.650469562999888, 0.0 ], [ 135.456381855000132, -0.650565320999874, 0.0 ], [ 135.455715367000039, -0.650847515999885, 0.0 ], [ 135.455521326000053, -0.650968352999939, 0.0 ], [ 135.455381608000039, -0.651115846999971, 0.0 ], [ 135.455299095000214, -0.651312421999876, 0.0 ], [ 135.455287795000118, -0.651538628999958, 0.0 ], [ 135.455336828000213, -0.651727552999944, 0.0 ], [ 135.455324360000077, -0.651826882999899, 0.0 ], [ 135.455184842000108, -0.652017844999932, 0.0 ], [ 135.454907268000056, -0.652077857999927, 0.0 ], [ 135.454646660000094, -0.652122519999978, 0.0 ], [ 135.454455278000069, -0.652276123999968, 0.0 ], [ 135.454293082000163, -0.652517707999891, 0.0 ], [ 135.454195988000151, -0.652737258999935, 0.0 ], [ 135.454044945000192, -0.652977028999942, 0.0 ], [ 135.453804582000089, -0.653209570999934, 0.0 ], [ 135.453448594000065, -0.653463202999944, 0.0 ], [ 135.453009868000095, -0.653736010999978, 0.0 ], [ 135.452810388000103, -0.653917260999947, 0.0 ], [ 135.452724049000153, -0.654048062999948, 0.0 ], [ 135.452672610000036, -0.654231571999958, 0.0 ], [ 135.452639177000037, -0.654370942999947, 0.0 ], [ 135.452499759000034, -0.654583638999952, 0.0 ], [ 135.452313220000178, -0.65464029799989, 0.0 ], [ 135.452049928000065, -0.654612131999897, 0.0 ], [ 135.451893791000202, -0.654637518999948, 0.0 ], [ 135.451737780000144, -0.654818569999918, 0.0 ], [ 135.451637631000153, -0.655012287999966, 0.0 ], [ 135.451562817000195, -0.65509428199988, 0.0 ], [ 135.451466369000173, -0.655198108999969, 0.0 ], [ 135.451305489000219, -0.655342174999873, 0.0 ], [ 135.451200273000154, -0.655455440999958, 0.0 ], [ 135.451128042000164, -0.655588527999953, 0.0 ], [ 135.451095082000052, -0.655702636999877, 0.0 ], [ 135.45109170600017, -0.655991661999906, 0.0 ], [ 135.451124445000119, -0.656214142999943, 0.0 ], [ 135.451205274000131, -0.656676069999946, 0.0 ], [ 135.451102320000132, -0.657155285999977, 0.0 ], [ 135.451022763000083, -0.657355958999972, 0.0 ], [ 135.450850756000136, -0.657635769999956, 0.0 ], [ 135.450639479000074, -0.657934556999976, 0.0 ], [ 135.450405672000215, -0.658059571999956, 0.0 ], [ 135.45014267900001, -0.65809660899987, 0.0 ], [ 135.449736390000112, -0.658012705999965, 0.0 ], [ 135.449577371000032, -0.657921796999915, 0.0 ], [ 135.449528736000161, -0.657819809999978, 0.0 ], [ 135.449566466000078, -0.657720950999874, 0.0 ], [ 135.449729059000106, -0.657566302999896, 0.0 ], [ 135.449946646000058, -0.657362647999946, 0.0 ], [ 135.450269449000075, -0.6570457279999, 0.0 ], [ 135.450485768000135, -0.656693461999964, 0.0 ], [ 135.450480774000084, -0.656500811999933, 0.0 ], [ 135.450448805000178, -0.656318271999908, 0.0 ], [ 135.450245670000186, -0.655829295999979, 0.0 ], [ 135.450071946000207, -0.655605698999921, 0.0 ], [ 135.449968988000023, -0.655570924999893, 0.0 ], [ 135.449855177000018, -0.655603166999924, 0.0 ], [ 135.449390792000145, -0.655788566999888, 0.0 ], [ 135.448980729000027, -0.655906752999897, 0.0 ], [ 135.448791333000145, -0.655981046999898, 0.0 ], [ 135.448766371000033, -0.656045776999918, 0.0 ], [ 135.448806710000099, -0.656131942999878, 0.0 ], [ 135.449295099000096, -0.657340371999965, 0.0 ], [ 135.449416414000098, -0.657664070999886, 0.0 ], [ 135.449403275, -0.657745194999961, 0.0 ], [ 135.449364303000152, -0.657829373999903, 0.0 ], [ 135.44920460700007, -0.657857867999951, 0.0 ], [ 135.44914596600006, -0.657897710999976, 0.0 ], [ 135.44906551300005, -0.657949202999873, 0.0 ], [ 135.448963676000062, -0.658038982999926, 0.0 ], [ 135.448764592000202, -0.658178482999915, 0.0 ], [ 135.448706381000079, -0.658244963999891, 0.0 ], [ 135.448630772000115, -0.658278263999932, 0.0 ], [ 135.448516901000175, -0.658295877999933, 0.0 ], [ 135.448221293000074, -0.658340039999871, 0.0 ], [ 135.447966192000194, -0.658386017999931, 0.0 ], [ 135.447605692000025, -0.658450033999941, 0.0 ], [ 135.447340270000041, -0.658495289999905, 0.0 ], [ 135.44720288700023, -0.658523327999944, 0.0 ], [ 135.447069281000154, -0.658569057999898, 0.0 ], [ 135.447010562000173, -0.658591809999905, 0.0 ], [ 135.446922008000115, -0.658623012999954, 0.0 ], [ 135.446831051000117, -0.658633899999927, 0.0 ], [ 135.446745167000131, -0.658642762999875, 0.0 ], [ 135.446630964000178, -0.658621418999871, 0.0 ], [ 135.446498243000178, -0.658591382999873, 0.0 ], [ 135.446458237000229, -0.658598187999928, 0.0 ], [ 135.446394094000084, -0.658613417999959, 0.0 ], [ 135.446303867000211, -0.658649094999873, 0.0 ], [ 135.44622543100013, -0.658670549999954, 0.0 ], [ 135.446118782000099, -0.658684588999961, 0.0 ], [ 135.446026965000215, -0.658642200999907, 0.0 ], [ 135.445998575000203, -0.65863001199989, 0.0 ], [ 135.445907195000132, -0.658649370999967, 0.0 ], [ 135.445849850000059, -0.658669497999938, 0.0 ], [ 135.445790226000099, -0.658662687999936, 0.0 ], [ 135.445761934000075, -0.658638178999922, 0.0 ], [ 135.445736337000199, -0.658597026999928, 0.0 ], [ 135.445665129000076, -0.658515277999925, 0.0 ], [ 135.445585429000062, -0.658462516999975, 0.0 ], [ 135.445419513000047, -0.658379660999969, 0.0 ], [ 135.445336396000016, -0.658353863999935, 0.0 ], [ 135.445280919000083, -0.658344878999912, 0.0 ], [ 135.445206429000223, -0.658353688999966, 0.0 ], [ 135.445118598000136, -0.6583745719999, 0.0 ], [ 135.445013895000102, -0.658376590999978, 0.0 ], [ 135.444905364000078, -0.658349523999959, 0.0 ], [ 135.444843688000105, -0.65833194399994, 0.0 ], [ 135.444797009000013, -0.658327229999884, 0.0 ], [ 135.444691557000056, -0.658333871999901, 0.0 ], [ 135.4445564990001, -0.658365133999894, 0.0 ], [ 135.444397206000076, -0.658417140999973, 0.0 ], [ 135.444261256000232, -0.658489059999965, 0.0 ], [ 135.444197790000089, -0.658517683999946, 0.0 ], [ 135.444120878000149, -0.658535590999975, 0.0 ], [ 135.444087293000166, -0.658532048999973, 0.0 ], [ 135.444016365000152, -0.658612601999948, 0.0 ], [ 135.443958330000214, -0.658683855999925, 0.0 ], [ 135.443940000000111, -0.65875, 0.0 ] ] ] } },
{ "type": "Feature", "properties": { "OID_": 1, "Shape_Leng": 0.0532161625, "Panjang": 5.0, "Status": "Jalan Kabupaten", "Kd_Inf": "028", "Nm_Ruas": "Sawendi - Aidiru", "Fungsi": "Kolektor Primer", "Mendukung": "PKW", "Ura_Dukung": "Penghubung wilayah", "Kd_Bd_PU": "02", "Kd_Jns_Inf": "01", "Kab_Kot": "Supiori", "Kecamatan": "Kepulauan Aruri", "Desa_Kel": "Wongkeina", "Km_Awal": "0+000", "Km_Akhir": "5+000", "Nm_Lintas": "-", "Jns_Pen": "Pemeliharaan", "Kd_Patok": "-", "Propinsi": "Papua", "Tk_Ruas_Aw": "Distrik Wongkeina", "Tk_Ruas_Ak": "Distrik Rayori", "Kl_Dat_Das": "Jalan Non Tol", "Tipe_Keras": "Kerikil", "Kon_Baik": 0.0, "Kon_Sdg": 0.0, "Kon_Rgn": 0.0, "Kon_Rusak": 5.0, "Kon_T_Mntp": 5.0, "Kon_Mntp": 0.0, "Koord_X_Aw": 135.46592476000001, "Koord_Y_Aw": -0.78163633, "Koord_X_Ak": 135.49399, "Koord_Y_Ak": -0.80968, "Lbr_Keras": 6.0, "LHRT": 30.0, "VCR": 0.0, "MST": 0.0, "Tanah_Kri": 100.0, "Macadam": 0.0, "Aspal": 0.0, "Rigid": 0.0, "Thn_Data": 2025, "Tipe_Jln": 2, "Thn_Pen_Ak": 2025 }, "geometry": { "type": "MultiLineString", "coordinates": [ [ [ 135.46592476, -0.781636329999913, 0.0 ], [ 135.466005811000059, -0.781828293999922, 0.0 ], [ 135.466222782000159, -0.782256191999977, 0.0 ], [ 135.466360789000078, -0.782514197999831, 0.0 ], [ 135.466598986, -0.782875709999871, 0.0 ], [ 135.466871046000279, -0.783146699999918, 0.0 ], [ 135.467226908000043, -0.783406824999872, 0.0 ], [ 135.467534256000135, -0.783589267999957, 0.0 ], [ 135.467670345000101, -0.78367589699991, 0.0 ], [ 135.46779044300024, -0.783796591999874, 0.0 ], [ 135.467826499000012, -0.783875745999865, 0.0 ], [ 135.467932979000125, -0.784177522999869, 0.0 ], [ 135.468042118000199, -0.784441325999921, 0.0 ], [ 135.468205963000173, -0.78471224499998, 0.0 ], [ 135.468433750000258, -0.784965590999889, 0.0 ], [ 135.468587460000208, -0.785126641999966, 0.0 ], [ 135.468672988000208, -0.785245228999941, 0.0 ], [ 135.468740129000139, -0.785369566999918, 0.0 ], [ 135.46875682800021, -0.785428129999957, 0.0 ], [ 135.468786729000044, -0.785771615999977, 0.0 ], [ 135.468857405000108, -0.786111232999929, 0.0 ], [ 135.468976248000217, -0.786638445999927, 0.0 ], [ 135.468988923000097, -0.786808074999897, 0.0 ], [ 135.469090982000125, -0.787072476999924, 0.0 ], [ 135.469345471000111, -0.787527398999941, 0.0 ], [ 135.469697765000092, -0.788122097999917, 0.0 ], [ 135.470095016000073, -0.788697893999881, 0.0 ], [ 135.470541318000073, -0.789283379999915, 0.0 ], [ 135.470747364000204, -0.789552405999871, 0.0 ], [ 135.470865594000088, -0.789760077999915, 0.0 ], [ 135.470893289000287, -0.789869298999974, 0.0 ], [ 135.470945218000224, -0.790012118999925, 0.0 ], [ 135.4709402000002, -0.790215539999963, 0.0 ], [ 135.470931265000104, -0.790367703999948, 0.0 ], [ 135.470936201000086, -0.790455782999913, 0.0 ], [ 135.47102587400002, -0.790613443999916, 0.0 ], [ 135.471257421000018, -0.790822013999957, 0.0 ], [ 135.47138350900002, -0.791013502999874, 0.0 ], [ 135.471485460000167, -0.791192354999964, 0.0 ], [ 135.471567515000288, -0.791418605999922, 0.0 ], [ 135.47167845100023, -0.791703647999952, 0.0 ], [ 135.471732919000146, -0.791906228999949, 0.0 ], [ 135.47174700700009, -0.792013245999897, 0.0 ], [ 135.471724692000066, -0.792151023999963, 0.0 ], [ 135.471705048000217, -0.792315417999873, 0.0 ], [ 135.471690411000168, -0.792459676999897, 0.0 ], [ 135.471699479000222, -0.792522240999915, 0.0 ], [ 135.471753096000157, -0.792600747999927, 0.0 ], [ 135.471841463000032, -0.792658699999947, 0.0 ], [ 135.472006180000108, -0.792687123999883, 0.0 ], [ 135.472431457000198, -0.792701890999979, 0.0 ], [ 135.472577919000059, -0.792702919999954, 0.0 ], [ 135.472717039000031, -0.792770836999978, 0.0 ], [ 135.472914962000118, -0.792874462999862, 0.0 ], [ 135.473219148000112, -0.793108761999974, 0.0 ], [ 135.473334694000073, -0.793225228999916, 0.0 ], [ 135.473420988000044, -0.793263643999978, 0.0 ], [ 135.473542811000129, -0.793265918999907, 0.0 ], [ 135.473776333000046, -0.79322518999993, 0.0 ], [ 135.473858338000014, -0.793193086999906, 0.0 ], [ 135.473965079000095, -0.79318069999988, 0.0 ], [ 135.474029261000055, -0.793215533999899, 0.0 ], [ 135.474081548000072, -0.793313026999897, 0.0 ], [ 135.47416598700022, -0.79350300699997, 0.0 ], [ 135.474314296000102, -0.793783628999961, 0.0 ], [ 135.474494887000219, -0.794123591999892, 0.0 ], [ 135.474557489000063, -0.7943082889999, 0.0 ], [ 135.474612053000101, -0.794531832999951, 0.0 ], [ 135.474840439000218, -0.794792257999973, 0.0 ], [ 135.475054474000103, -0.795011955999883, 0.0 ], [ 135.475195989000099, -0.79510819099994, 0.0 ], [ 135.475355473000036, -0.795168933999889, 0.0 ], [ 135.475500798000212, -0.795230873999969, 0.0 ], [ 135.475668199000097, -0.795350502999895, 0.0 ], [ 135.475771300000019, -0.79553303199998, 0.0 ], [ 135.475837928000033, -0.795854536999968, 0.0 ], [ 135.475926607000019, -0.796104553999953, 0.0 ], [ 135.475960327000166, -0.79623046099988, 0.0 ], [ 135.476028654000061, -0.79630436799988, 0.0 ], [ 135.476103317000025, -0.796339152999906, 0.0 ], [ 135.476548130000197, -0.796351847999972, 0.0 ], [ 135.476838037000107, -0.796437204999961, 0.0 ], [ 135.477079694000167, -0.796626464999974, 0.0 ], [ 135.477592500000128, -0.7968875709999, 0.0 ], [ 135.47804236900015, -0.797138483999959, 0.0 ], [ 135.478173116000221, -0.797171878999961, 0.0 ], [ 135.478393223000012, -0.797170870999878, 0.0 ], [ 135.478585323000061, -0.797116450999908, 0.0 ], [ 135.479043732000264, -0.797066760999883, 0.0 ], [ 135.479359631000193, -0.797013189999973, 0.0 ], [ 135.479433826000218, -0.797007750999967, 0.0 ], [ 135.479546964000178, -0.797031312999877, 0.0 ], [ 135.479652939000175, -0.797099098999979, 0.0 ], [ 135.479805189000103, -0.797312280999961, 0.0 ], [ 135.480449091000082, -0.797992611999916, 0.0 ], [ 135.480932084000187, -0.798610224999948, 0.0 ], [ 135.481075278000162, -0.798825431999944, 0.0 ], [ 135.481214063000152, -0.799067853999929, 0.0 ], [ 135.48136579700008, -0.799230329999943, 0.0 ], [ 135.481590625000081, -0.799394171999893, 0.0 ], [ 135.481816817000094, -0.799484919999941, 0.0 ], [ 135.482303904000219, -0.79963537999987, 0.0 ], [ 135.482614773000023, -0.799720640999908, 0.0 ], [ 135.482731085000069, -0.799756935999881, 0.0 ], [ 135.482833012000128, -0.799806609999905, 0.0 ], [ 135.482902668000179, -0.799861531999966, 0.0 ], [ 135.482992244000116, -0.799998230999961, 0.0 ], [ 135.48308951200022, -0.800205998999957, 0.0 ], [ 135.483323397000049, -0.800615688999926, 0.0 ], [ 135.483408697000073, -0.800746458999868, 0.0 ], [ 135.483472748000054, -0.800814436999929, 0.0 ], [ 135.483640245000174, -0.800955028999908, 0.0 ], [ 135.483707326000172, -0.801004295999974, 0.0 ], [ 135.483785774000012, -0.80112348199998, 0.0 ], [ 135.484030343000086, -0.801391764999892, 0.0 ], [ 135.484201794000228, -0.801529505999952, 0.0 ], [ 135.484346663000224, -0.801615810999976, 0.0 ], [ 135.48457873700022, -0.801691800999947, 0.0 ], [ 135.485037459000182, -0.801834175999829, 0.0 ], [ 135.485388564000118, -0.801983557999904, 0.0 ], [ 135.48551890400006, -0.802051799999958, 0.0 ], [ 135.48565058500003, -0.802165642999967, 0.0 ], [ 135.485753949000127, -0.802281882999921, 0.0 ], [ 135.485865987000125, -0.802560120999942, 0.0 ], [ 135.486001179000141, -0.802760066999952, 0.0 ], [ 135.486062103000222, -0.802825792999897, 0.0 ], [ 135.48623731400005, -0.802918756999929, 0.0 ], [ 135.486319835000018, -0.802937358999884, 0.0 ], [ 135.48649935800006, -0.802982145999863, 0.0 ], [ 135.4868823380001, -0.802977842999951, 0.0 ], [ 135.487264383000024, -0.802893091999977, 0.0 ], [ 135.487527516000227, -0.802885087999925, 0.0 ], [ 135.48766456400017, -0.802933468999925, 0.0 ], [ 135.487813339000127, -0.803006441999912, 0.0 ], [ 135.488110721000226, -0.803239638999855, 0.0 ], [ 135.488266875000022, -0.80343948899997, 0.0 ], [ 135.488364573000126, -0.803493714999888, 0.0 ], [ 135.488458305000222, -0.80348620399991, 0.0 ], [ 135.488618555000016, -0.803466772999968, 0.0 ], [ 135.488886648000062, -0.80342815299997, 0.0 ], [ 135.48919915700003, -0.803438619999952, 0.0 ], [ 135.489352196000027, -0.803452932999903, 0.0 ], [ 135.489543447000074, -0.80352231199987, 0.0 ], [ 135.489775245000146, -0.803600002999929, 0.0 ], [ 135.490142162000211, -0.803737981999973, 0.0 ], [ 135.490338192000081, -0.803799406999872, 0.0 ], [ 135.490488931000186, -0.803806364999957, 0.0 ], [ 135.490623583000115, -0.803826428999912, 0.0 ], [ 135.490763900000275, -0.803908504999924, 0.0 ], [ 135.490944910000167, -0.804030337999905, 0.0 ], [ 135.491063570000051, -0.804084467999928, 0.0 ], [ 135.491159256000174, -0.804194227999972, 0.0 ], [ 135.491287189000104, -0.804417435999937, 0.0 ], [ 135.491397561000213, -0.804641290999939, 0.0 ], [ 135.491533615000094, -0.804782026999931, 0.0 ], [ 135.49169844100004, -0.804896001999964, 0.0 ], [ 135.491765618000045, -0.80496623199997, 0.0 ], [ 135.491814683000143, -0.805040510999902, 0.0 ], [ 135.491821727000115, -0.805094018999966, 0.0 ], [ 135.491830519000018, -0.805158283999958, 0.0 ], [ 135.491864323000073, -0.805240564999963, 0.0 ], [ 135.49193164400026, -0.805342238999913, 0.0 ], [ 135.492136408000192, -0.805640731999915, 0.0 ], [ 135.492330451000157, -0.80588686699997, 0.0 ], [ 135.492379791000303, -0.805959444999928, 0.0 ], [ 135.49240748700015, -0.806068664999884, 0.0 ], [ 135.492393545000027, -0.806240965999848, 0.0 ], [ 135.49241350300008, -0.806516508999891, 0.0 ], [ 135.492351095000117, -0.806621609999979, 0.0 ], [ 135.492211785000109, -0.806759639999939, 0.0 ], [ 135.492073805000018, -0.806878683999855, 0.0 ], [ 135.491965147000087, -0.806967565999912, 0.0 ], [ 135.491861186000165, -0.807092119999936, 0.0 ], [ 135.491819872000065, -0.807163979999928, 0.0 ], [ 135.491828031000182, -0.807275272999959, 0.0 ], [ 135.491945697000119, -0.807421758999851, 0.0 ], [ 135.492074816000013, -0.807594536999943, 0.0 ], [ 135.492109446000086, -0.807671714999913, 0.0 ], [ 135.492168418000119, -0.807868043999918, 0.0 ], [ 135.492145026000117, -0.808141802999899, 0.0 ], [ 135.492116147000161, -0.808330884999918, 0.0 ], [ 135.492135014000041, -0.808429947999969, 0.0 ], [ 135.492193051000186, -0.808545828999968, 0.0 ], [ 135.492343840000103, -0.808811140999978, 0.0 ], [ 135.492449827000087, -0.808943515999886, 0.0 ], [ 135.492511314000126, -0.809070428999917, 0.0 ], [ 135.492556259000025, -0.809234810999953, 0.0 ], [ 135.492567316000077, -0.809360537999964, 0.0 ], [ 135.492605397000148, -0.809448747999966, 0.0 ], [ 135.492659241000183, -0.809515072999943, 0.0 ], [ 135.492782908000208, -0.80954906799991, 0.0 ], [ 135.492964037000206, -0.80957316699994, 0.0 ], [ 135.493187952000085, -0.809537864999868, 0.0 ], [ 135.493404741000063, -0.809492679999948, 0.0 ], [ 135.493572716084373, -0.809490211311868, 0.0 ], [ 135.493756336778461, -0.809563590589789, 0.0 ], [ 135.493833802120889, -0.809591848058346, 0.0 ], [ 135.493881249645597, -0.809622225485782, 0.0 ], [ 135.493911459346464, -0.809640916184612, 0.0 ], [ 135.493968550013506, -0.809669839402091, 0.0 ], [ 135.49399, -0.80968, 0.0 ] ] ] } },
{ "type": "Feature", "properties": { "OID_": 1, "Shape_Leng": 0.01483076969, "Panjang": 15.6, "Status": "Jalan Kabupaten", "Kd_Inf": "030", "Nm_Ruas": "Mbrurwandi - Manggonswan", "Fungsi": "Lingkungan Primer", "Mendukung": "PKL", "Ura_Dukung": "Akses kampung", "Kd_Bd_PU": "02", "Kd_Jns_Inf": "01", "Kab_Kot": "Supiori", "Kecamatan": "Kepulauan Aruri", "Desa_Kel": "Manggonswan", "Km_Awal": "0+000", "Km_Akhir": "15+600", "Nm_Lintas": "-", "Jns_Pen": "Pemeliharaan", "Kd_Patok": "-", "Propinsi": "Papua", "Tk_Ruas_Aw": "Distrik Manggonswan", "Tk_Ruas_Ak": "Kantor Distrik Kep. Aruri", "Kl_Dat_Das": "Jalan Non Tol", "Tipe_Keras": "Macadam", "Kon_Baik": 5.6, "Kon_Sdg": 0.0, "Kon_Rgn": 10.0, "Kon_Rusak": 0.0, "Kon_T_Mntp": 10.0, "Kon_Mntp": 5.6, "Koord_X_Aw": 135.50557, "Koord_Y_Aw": -0.81923, "Koord_X_Ak": 135.50237025800001, "Koord_Y_Ak": -0.805930275, "Lbr_Keras": 5.0, "LHRT": 30.0, "VCR": 0.0, "MST": 0.0, "Tanah_Kri": 0.0, "Macadam": 100.0, "Aspal": 0.0, "Rigid": 0.0, "Thn_Data": 2025, "Tipe_Jln": 2, "Thn_Pen_Ak": 2025 }, "geometry": { "type": "MultiLineString", "coordinates": [ [ [ 135.50557, -0.81923, 0.0 ], [ 135.505555801000014, -0.819215800999928, 0.0 ], [ 135.505735224000091, -0.818774100999974, 0.0 ], [ 135.505754304000106, -0.818548519999979, 0.0 ], [ 135.505750650000095, -0.818430973999966, 0.0 ], [ 135.505694134, -0.818338031999929, 0.0 ], [ 135.505101871000079, -0.817489759999944, 0.0 ], [ 135.504628497000112, -0.816931308999926, 0.0 ], [ 135.504441940000106, -0.816649729999938, 0.0 ], [ 135.504329508000069, -0.816470925999965, 0.0 ], [ 135.504308293, -0.816354026999932, 0.0 ], [ 135.504344586000116, -0.815989841999965, 0.0 ], [ 135.504320040000039, -0.815764176999949, 0.0 ], [ 135.504234723000081, -0.815073072999951, 0.0 ], [ 135.504134063000038, -0.814433595999958, 0.0 ], [ 135.504032266000081, -0.814102903999981, 0.0 ], [ 135.503843433000043, -0.813695272999951, 0.0 ], [ 135.503452386000049, -0.812865626999951, 0.0 ], [ 135.503087836000077, -0.812131041999976, 0.0 ], [ 135.502733732000024, -0.811450515999979, 0.0 ], [ 135.502614077000089, -0.81124086799997, 0.0 ], [ 135.502467721000016, -0.811077516999944, 0.0 ], [ 135.502245924000022, -0.810894963999942, 0.0 ], [ 135.502083122000045, -0.810790044999976, 0.0 ], [ 135.501999295000019, -0.810671732999936, 0.0 ], [ 135.501998037000021, -0.810582503999967, 0.0 ], [ 135.502000730000077, -0.810242551999977, 0.0 ], [ 135.502014753000026, -0.809778752999932, 0.0 ], [ 135.502049981000027, -0.80961513699998, 0.0 ], [ 135.502133195000056, -0.809413907999954, 0.0 ], [ 135.502263185000061, -0.809096317999945, 0.0 ], [ 135.502532902000098, -0.808422567999969, 0.0 ], [ 135.502714709000088, -0.807914374999939, 0.0 ], [ 135.502779764000024, -0.807706713999949, 0.0 ], [ 135.502804930000025, -0.807572888999971, 0.0 ], [ 135.502811337000026, -0.807425551999927, 0.0 ], [ 135.502744280000115, -0.80725758899996, 0.0 ], [ 135.502576589000114, -0.80682719899994, 0.0 ], [ 135.502439036000055, -0.806544827999971, 0.0 ], [ 135.502368014000012, -0.806315126999948, 0.0 ], [ 135.502359153000043, -0.806148578999967, 0.0 ], [ 135.502370253000095, -0.805937323999956, 0.0 ], [ 135.502370258000042, -0.80593027499998, 0.0 ] ] ] } },
{ "type": "Feature", "properties": { "OID_": 1, "Shape_Leng": 0.00895719257, "Panjang": 0.95, "Status": "Jalan Kabupaten", "Kd_Inf": "031", "Nm_Ruas": "Mburwandi - Gereja Sowek", "Fungsi": "Lingkungan Primer", "Mendukung": "PKL", "Ura_Dukung": "Akses fasilitas ibadah", "Kd_Bd_PU": "02", "Kd_Jns_Inf": "01", "Kab_Kot": "Supiori", "Kecamatan": "Kepulauan Aruri", "Desa_Kel": "Manggonswan", "Km_Awal": "0+000", "Km_Akhir": "0+950", "Nm_Lintas": "-", "Jns_Pen": "Pemeliharaan", "Kd_Patok": "-", "Propinsi": "Papua", "Tk_Ruas_Aw": "Pertigaan Manggonswan", "Tk_Ruas_Ak": "Jembatan Kawer", "Kl_Dat_Das": "Jalan Non Tol", "Tipe_Keras": "Macadam", "Kon_Baik": 0.95, "Kon_Sdg": 0.0, "Kon_Rgn": 0.0, "Kon_Rusak": 0.0, "Kon_T_Mntp": 0.0, "Kon_Mntp": 0.95, "Koord_X_Aw": 135.50217337000001, "Koord_Y_Aw": -0.82019852963999995, "Koord_X_Ak": 135.49596, "Koord_Y_Ak": -0.82092, "Lbr_Keras": 5.0, "LHRT": 30.0, "VCR": 0.0, "MST": 0.0, "Tanah_Kri": 0.0, "Macadam": 100.0, "Aspal": 0.0, "Rigid": 0.0, "Thn_Data": 2025, "Tipe_Jln": 2, "Thn_Pen_Ak": 2025 }, "geometry": { "type": "MultiLineString", "coordinates": [ [ [ 135.502173370358264, -0.820198529638404, 0.0 ], [ 135.502157415765453, -0.82014441661989, 0.0 ], [ 135.502125759527843, -0.820083226458642, 0.0 ], [ 135.501845077000098, -0.819674896999913, 0.0 ], [ 135.501421968000045, -0.818912353999963, 0.0 ], [ 135.501171130000216, -0.81854989999988, 0.0 ], [ 135.501087268000219, -0.818476128999919, 0.0 ], [ 135.50100156800022, -0.818436452999947, 0.0 ], [ 135.500924542, -0.818419063999897, 0.0 ], [ 135.500832706000097, -0.81843244199996, 0.0 ], [ 135.500587543000165, -0.818482402999905, 0.0 ], [ 135.500485298000171, -0.818529716999933, 0.0 ], [ 135.500381316000016, -0.818633253999963, 0.0 ], [ 135.500306297000179, -0.818793070999959, 0.0 ], [ 135.500242135, -0.818885859999909, 0.0 ], [ 135.500153637000153, -0.818931715999952, 0.0 ], [ 135.500081180000052, -0.818954373999873, 0.0 ], [ 135.49994803300001, -0.818957375999958, 0.0 ], [ 135.499745327000142, -0.818919630999915, 0.0 ], [ 135.499607872000183, -0.818896139999936, 0.0 ], [ 135.499435546000086, -0.818875598999966, 0.0 ], [ 135.499358849000146, -0.818886515999964, 0.0 ], [ 135.499247086000196, -0.818901578999942, 0.0 ], [ 135.499099230000184, -0.818957473999944, 0.0 ], [ 135.498977126000227, -0.819021224999915, 0.0 ], [ 135.498794129000089, -0.819195490999959, 0.0 ], [ 135.498536282000146, -0.819392027999868, 0.0 ], [ 135.498433842000054, -0.81944053899997, 0.0 ], [ 135.498334799000077, -0.819490827999971, 0.0 ], [ 135.498211329000014, -0.819517506999944, 0.0 ], [ 135.498014777000094, -0.819517609999934, 0.0 ], [ 135.497593596000115, -0.81952432199995, 0.0 ], [ 135.497404327000027, -0.819547714999942, 0.0 ], [ 135.496746161000146, -0.819735917999878, 0.0 ], [ 135.49631016100011, -0.819727946999933, 0.0 ], [ 135.496180958000195, -0.819721760999869, 0.0 ], [ 135.496126295000181, -0.819755898999972, 0.0 ], [ 135.496109446000105, -0.819776508999951, 0.0 ], [ 135.496069923000164, -0.819982610999944, 0.0 ], [ 135.495967806000067, -0.820362826999883, 0.0 ], [ 135.49597493300007, -0.820515395999905, 0.0 ], [ 135.495998475000079, -0.820699329999911, 0.0 ], [ 135.495960000000196, -0.820919999999887, 0.0 ] ] ] } },
{ "type": "Feature", "properties": { "OID_": 1, "Shape_Leng": 0.00474688674, "Panjang": 0.5, "Status": "Jalan Kabupaten", "Kd_Inf": "033", "Nm_Ruas": "Samna Darat - Samna  Pantai", "Fungsi": "Lingkungan Primer", "Mendukung": "PKL", "Ura_Dukung": "Akses pesisir", "Kd_Bd_PU": "02", "Kd_Jns_Inf": "01", "Kab_Kot": "Supiori", "Kecamatan": "Kepulauan Aruri", "Desa_Kel": "Manggonswan", "Km_Awal": "0+000", "Km_Akhir": "0+500", "Nm_Lintas": "-", "Jns_Pen": "Pemeliharaan", "Kd_Patok": "-", "Propinsi": "Papua", "Tk_Ruas_Aw": "Jalan Samna Pantai - Manggonswan", "Tk_Ruas_Ak": "Jalan Sapondi - Sowek", "Kl_Dat_Das": "Jalan Non Tol", "Tipe_Keras": "Macadam", "Kon_Baik": 0.5, "Kon_Sdg": 0.0, "Kon_Rgn": 0.0, "Kon_Rusak": 0.0, "Kon_T_Mntp": 0.0, "Kon_Mntp": 0.5, "Koord_X_Aw": 135.50450537099999, "Koord_Y_Aw": -0.820102675, "Koord_X_Ak": 135.50086609, "Koord_Y_Ak": -0.817288504, "Lbr_Keras": 5.0, "LHRT": 30.0, "VCR": 0.0, "MST": 0.0, "Tanah_Kri": 0.0, "Macadam": 100.0, "Aspal": 0.0, "Rigid": 0.0, "Thn_Data": 2025, "Tipe_Jln": 2, "Thn_Pen_Ak": 2025 }, "geometry": { "type": "MultiLineString", "coordinates": [ [ [ 135.504505371000164, -0.82010267499993, 0.0 ], [ 135.504318426068807, -0.819948809490694, 0.0 ], [ 135.504178997735977, -0.819803152631377, 0.0 ], [ 135.503974651000135, -0.819586206999929, 0.0 ], [ 135.503899623000052, -0.819526149999945, 0.0 ], [ 135.503262297000106, -0.819085130999952, 0.0 ], [ 135.502596202000177, -0.818586632999939, 0.0 ], [ 135.501897563000171, -0.818076722999933, 0.0 ], [ 135.501359912000225, -0.817680099999961, 0.0 ], [ 135.500945692000073, -0.81737839699997, 0.0 ], [ 135.500874281000051, -0.817308676999971, 0.0 ], [ 135.500866090000045, -0.817288503999976, 0.0 ] ] ] } },
{ "type": "Feature", "properties": { "OID_": 1, "Shape_Leng": 0.00793345182, "Panjang": 0.87, "Status": "Jalan Kabupaten", "Kd_Inf": "034", "Nm_Ruas": "Samna Pantai - Manggonswan", "Fungsi": "Lingkungan Primer", "Mendukung": "PKL", "Ura_Dukung": "Akses pantai", "Kd_Bd_PU": "02", "Kd_Jns_Inf": "01", "Kab_Kot": "Supiori", "Kecamatan": "Kepulauan Aruri", "Desa_Kel": "Manggonswan", "Km_Awal": "0+000", "Km_Akhir": "0+870", "Nm_Lintas": "-", "Jns_Pen": "Pemeliharaan", "Kd_Patok": "-", "Propinsi": "Papua", "Tk_Ruas_Aw": "Jalan Samna Pantai - Manggonswan", "Tk_Ruas_Ak": "Jalan Manggonswan - Dermaga", "Kl_Dat_Das": "Jalan Non Tol", "Tipe_Keras": "Macadam", "Kon_Baik": 0.87, "Kon_Sdg": 0.0, "Kon_Rgn": 0.0, "Kon_Rusak": 0.0, "Kon_T_Mntp": 0.0, "Kon_Mntp": 0.87, "Koord_X_Aw": 135.499538188, "Koord_Y_Aw": -0.81799594670999998, "Koord_X_Ak": 135.50089986699999, "Koord_Y_Ak": -0.812033268, "Lbr_Keras": 5.0, "LHRT": 30.0, "VCR": 0.0, "MST": 0.0, "Tanah_Kri": 0.0, "Macadam": 100.0, "Aspal": 0.0, "Rigid": 0.0, "Thn_Data": 2025, "Tipe_Jln": 2, "Thn_Pen_Ak": 2025 }, "geometry": { "type": "MultiLineString", "coordinates": [ [ [ 135.499538187894984, -0.817995946709377, 0.0 ], [ 135.499565483000197, -0.817972586999929, 0.0 ], [ 135.499736129000212, -0.817887657999904, 0.0 ], [ 135.499896512000078, -0.817751689999966, 0.0 ], [ 135.500016085000084, -0.817702661999874, 0.0 ], [ 135.500213519000113, -0.817634012999974, 0.0 ], [ 135.500499307000155, -0.817524644999878, 0.0 ], [ 135.500663283000222, -0.817449004999958, 0.0 ], [ 135.500913961000151, -0.817250618999878, 0.0 ], [ 135.501163642000165, -0.817029273999935, 0.0 ], [ 135.501234657000055, -0.816935432999912, 0.0 ], [ 135.501257767000197, -0.816855844999964, 0.0 ], [ 135.501252819000115, -0.816750486999979, 0.0 ], [ 135.50121063600011, -0.816370237999934, 0.0 ], [ 135.501232466000147, -0.816094693999958, 0.0 ], [ 135.501229757000033, -0.816004634999899, 0.0 ], [ 135.501213400000211, -0.815887208999868, 0.0 ], [ 135.501147340000216, -0.815698055999917, 0.0 ], [ 135.501084302000095, -0.815499957999975, 0.0 ], [ 135.501076393000062, -0.815388617999929, 0.0 ], [ 135.501093704000027, -0.815296297999907, 0.0 ], [ 135.501144742000179, -0.815214158999936, 0.0 ], [ 135.501212779000184, -0.815138702999946, 0.0 ], [ 135.501440380000076, -0.814971168999932, 0.0 ], [ 135.501596452000058, -0.814813276999928, 0.0 ], [ 135.501686942000106, -0.814681710999935, 0.0 ], [ 135.50174190700011, -0.814565616999914, 0.0 ], [ 135.501800918000072, -0.814385714999958, 0.0 ], [ 135.501807569000221, -0.814305818999912, 0.0 ], [ 135.501802671000178, -0.814238989999978, 0.0 ], [ 135.501751533000174, -0.814020807999896, 0.0 ], [ 135.501690070000109, -0.813832398999921, 0.0 ], [ 135.501669721000212, -0.813734765999925, 0.0 ], [ 135.501620569000011, -0.813615959999879, 0.0 ], [ 135.501502154000036, -0.813444269999877, 0.0 ], [ 135.501285410000037, -0.813112789999877, 0.0 ], [ 135.501132394000024, -0.812907193999933, 0.0 ], [ 135.501011228000152, -0.81274763599987, 0.0 ], [ 135.500859874000071, -0.812570610999899, 0.0 ], [ 135.50078592300008, -0.81246901399993, 0.0 ], [ 135.500731765000182, -0.812371407999933, 0.0 ], [ 135.500696429000072, -0.812288642999931, 0.0 ], [ 135.500691595000035, -0.812235974999908, 0.0 ], [ 135.500700119000044, -0.812202764999938, 0.0 ], [ 135.500755592000132, -0.812141782999959, 0.0 ], [ 135.500891307000074, -0.812038320999875, 0.0 ], [ 135.500899867000044, -0.812033267999936, 0.0 ] ] ] } },
{ "type": "Feature", "properties": { "OID_": 1, "Shape_Leng": 0.00513693962, "Panjang": 0.53, "Status": "Jalan Kabupaten", "Kd_Inf": "035", "Nm_Ruas": "Manggonswan - Manggonswan Darat", "Fungsi": "Lingkungan Primer", "Mendukung": "PKL", "Ura_Dukung": "Akses lokal", "Kd_Bd_PU": "02", "Kd_Jns_Inf": "01", "Kab_Kot": "Supiori", "Kecamatan": "Kepulauan Aruri", "Desa_Kel": "Manggonswan", "Km_Awal": "0+000", "Km_Akhir": "0+530", "Nm_Lintas": "-", "Jns_Pen": "Pemeliharaan", "Kd_Patok": "-", "Propinsi": "Papua", "Tk_Ruas_Aw": "Bundaran Manggonswan", "Tk_Ruas_Ak": "Jalan Mbrurwandi - Manggonswan", "Kl_Dat_Das": "Jalan Non Tol", "Tipe_Keras": "Macadam", "Kon_Baik": 0.53, "Kon_Sdg": 0.0, "Kon_Rgn": 0.0, "Kon_Rusak": 0.0, "Kon_T_Mntp": 0.0, "Kon_Mntp": 0.53, "Koord_X_Aw": 135.502767062, "Koord_Y_Aw": -0.807314652, "Koord_X_Ak": 135.502164523, "Koord_Y_Ak": -0.8108425045, "Lbr_Keras": 5.0, "LHRT": 30.0, "VCR": 0.0, "MST": 0.0, "Tanah_Kri": 0.0, "Macadam": 100.0, "Aspal": 0.0, "Rigid": 0.0, "Thn_Data": 2025, "Tipe_Jln": 2, "Thn_Pen_Ak": 2025 }, "geometry": { "type": "MultiLineString", "coordinates": [ [ [ 135.502767062000089, -0.807314651999945, 0.0 ], [ 135.502808531000028, -0.807357325999931, 0.0 ], [ 135.503129751000188, -0.807653915999936, 0.0 ], [ 135.503366611000047, -0.807909010999936, 0.0 ], [ 135.503603387000112, -0.808185317999971, 0.0 ], [ 135.503676463000147, -0.808306636999873, 0.0 ], [ 135.503740362000144, -0.808443226999884, 0.0 ], [ 135.503767532000097, -0.808516891999943, 0.0 ], [ 135.503782575000173, -0.808713716999875, 0.0 ], [ 135.503781893000109, -0.808842080999966, 0.0 ], [ 135.503734640000062, -0.809133829999951, 0.0 ], [ 135.503706192000209, -0.809295680999981, 0.0 ], [ 135.503669196000146, -0.809530998999946, 0.0 ], [ 135.503598347000207, -0.809975329999929, 0.0 ], [ 135.503567276000012, -0.81011888199987, 0.0 ], [ 135.503534197000022, -0.810219655999958, 0.0 ], [ 135.503446519000136, -0.81035403899989, 0.0 ], [ 135.503354447000106, -0.810439671999973, 0.0 ], [ 135.503199350000159, -0.810500573999946, 0.0 ], [ 135.502860439000074, -0.810606555999925, 0.0 ], [ 135.502334206345694, -0.810793839888386, 0.0 ], [ 135.502248000511173, -0.810818252266136, 0.0 ], [ 135.502212250266069, -0.810829063949817, 0.0 ], [ 135.502164523, -0.810842504499959, 0.0 ] ] ] } },
{ "type": "Feature", "properties": { "OID_": 1, "Shape_Leng": 0.00194315115, "Panjang": 0.2, "Status": "Jalan Kabupaten", "Kd_Inf": "036", "Nm_Ruas": "Manggonswan - Famili", "Fungsi": "Lingkungan Primer", "Mendukung": "PKL", "Ura_Dukung": "Akses permukiman", "Kd_Bd_PU": "02", "Kd_Jns_Inf": "01", "Kab_Kot": "Supiori", "Kecamatan": "Kepulauan Aruri", "Desa_Kel": "Manggonswan", "Km_Awal": "0+000", "Km_Akhir": "0+200", "Nm_Lintas": "-", "Jns_Pen": "Pemeliharaan", "Kd_Patok": "-", "Propinsi": "Papua", "Tk_Ruas_Aw": "Jalan Mbrurwandi - Manggonswan", "Tk_Ruas_Ak": "Dermaga", "Kl_Dat_Das": "Jalan Non Tol", "Tipe_Keras": "Macadam", "Kon_Baik": 0.2, "Kon_Sdg": 0.0, "Kon_Rgn": 0.0, "Kon_Rusak": 0.0, "Kon_T_Mntp": 0.0, "Kon_Mntp": 0.2, "Koord_X_Aw": 135.50237025800001, "Koord_Y_Aw": -0.80593027516000004, "Koord_X_Ak": 135.50095, "Koord_Y_Ak": -0.80682, "Lbr_Keras": 5.0, "LHRT": 30.0, "VCR": 0.0, "MST": 0.0, "Tanah_Kri": 0.0, "Macadam": 100.0, "Aspal": 0.0, "Rigid": 0.0, "Thn_Data": 2025, "Tipe_Jln": 2, "Thn_Pen_Ak": 2025 }, "geometry": { "type": "MultiLineString", "coordinates": [ [ [ 135.5023702582628, -0.805930275156817, 0.0 ], [ 135.502341801000171, -0.805925900999966, 0.0 ], [ 135.502286592000132, -0.805927616999952, 0.0 ], [ 135.50222168900018, -0.805928276999907, 0.0 ], [ 135.502098714000226, -0.805956397999921, 0.0 ], [ 135.501949973000137, -0.80601944599988, 0.0 ], [ 135.501775051000209, -0.806106183999873, 0.0 ], [ 135.501614052000036, -0.806224222999958, 0.0 ], [ 135.501348332000134, -0.806437018999873, 0.0 ], [ 135.501175013000079, -0.80659663199998, 0.0 ], [ 135.500950000000216, -0.80682, 0.0 ] ] ] } },
{ "type": "Feature", "properties": { "OID_": 1, "Shape_Leng": 0.00190592349, "Panjang": 0.2, "Status": "Jalan Kabupaten", "Kd_Inf": "037", "Nm_Ruas": "Manggonswan - Dermaga", "Fungsi": "Lingkungan Primer", "Mendukung": "PKL", "Ura_Dukung": "Akses dermaga", "Kd_Bd_PU": "02", "Kd_Jns_Inf": "01", "Kab_Kot": "Supiori", "Kecamatan": "Kepulauan Aruri", "Desa_Kel": "Manggonswan", "Km_Awal": "0+000", "Km_Akhir": "0+200", "Nm_Lintas": "-", "Jns_Pen": "Pemeliharaan", "Kd_Patok": "-", "Propinsi": "Papua", "Tk_Ruas_Aw": "Bundaran Manggonswan", "Tk_Ruas_Ak": "Samna Pantai - Manggonswan", "Kl_Dat_Das": "Jalan Non Tol", "Tipe_Keras": "Macadam", "Kon_Baik": 0.2, "Kon_Sdg": 0.0, "Kon_Rgn": 0.0, "Kon_Rusak": 0.0, "Kon_T_Mntp": 0.0, "Kon_Mntp": 0.2, "Koord_X_Aw": 135.502164523, "Koord_Y_Aw": -0.810842505, "Koord_X_Ak": 135.50089986699999, "Koord_Y_Ak": -0.81203326759000005, "Lbr_Keras": 5.0, "LHRT": 30.0, "VCR": 0.0, "MST": 0.0, "Tanah_Kri": 0.0, "Macadam": 100.0, "Aspal": 0.0, "Rigid": 0.0, "Thn_Data": 2025, "Tipe_Jln": 2, "Thn_Pen_Ak": 2025 }, "geometry": { "type": "MultiLineString", "coordinates": [ [ [ 135.502164523000033, -0.810842504999925, 0.0 ], [ 135.502124500000036, -0.810839462999922, 0.0 ], [ 135.501979376000122, -0.810817998999937, 0.0 ], [ 135.501876640000091, -0.810831522999877, 0.0 ], [ 135.501671751000117, -0.810986022999884, 0.0 ], [ 135.501403678000088, -0.81119955399987, 0.0 ], [ 135.501177669000185, -0.811374094999906, 0.0 ], [ 135.501108749000082, -0.811447836999889, 0.0 ], [ 135.501094843000033, -0.811499208999976, 0.0 ], [ 135.501123722000216, -0.811589908999906, 0.0 ], [ 135.501172634000113, -0.811660392999897, 0.0 ], [ 135.501180645000204, -0.811707493999961, 0.0 ], [ 135.501160706000064, -0.811747834999949, 0.0 ], [ 135.501085086000217, -0.811862944999973, 0.0 ], [ 135.500920798000152, -0.812015082999949, 0.0 ], [ 135.50091177191544, -0.812024883985069, 0.0 ], [ 135.500899866960992, -0.812033267588233, 0.0 ] ] ] } },
{ "type": "Feature", "properties": { "OID_": 1, "Shape_Leng": 0.00820274229, "Panjang": 10.5, "Status": "Jalan Kabupaten", "Kd_Inf": "038", "Nm_Ruas": "Manggonswan - Sawendi", "Fungsi": "Lingkungan Primer", "Mendukung": "PKL", "Ura_Dukung": "Akses lokal", "Kd_Bd_PU": "02", "Kd_Jns_Inf": "01", "Kab_Kot": "Supiori", "Kecamatan": "Kepulauan Aruri", "Desa_Kel": "Rayori", "Km_Awal": "0+000", "Km_Akhir": "10+500", "Nm_Lintas": "-", "Jns_Pen": "Pemeliharaan", "Kd_Patok": "-", "Propinsi": "Papua", "Tk_Ruas_Aw": "Distrik Rayori", "Tk_Ruas_Ak": "Rumah Penduduk", "Kl_Dat_Das": "Jalan Non Tol", "Tipe_Keras": "Kerikil", "Kon_Baik": 0.0, "Kon_Sdg": 0.0, "Kon_Rgn": 0.0, "Kon_Rusak": 10.5, "Kon_T_Mntp": 10.5, "Kon_Mntp": 0.0, "Koord_X_Aw": 135.49399, "Koord_Y_Aw": -0.80968, "Koord_X_Ak": 135.49922, "Koord_Y_Ak": -0.81203, "Lbr_Keras": 5.0, "LHRT": 30.0, "VCR": 0.0, "MST": 0.0, "Tanah_Kri": 100.0, "Macadam": 0.0, "Aspal": 0.0, "Rigid": 0.0, "Thn_Data": 2025, "Tipe_Jln": 2, "Thn_Pen_Ak": 2025 }, "geometry": { "type": "MultiLineString", "coordinates": [ [ [ 135.49399, -0.80968, 0.0 ], [ 135.494000595000102, -0.809678233999932, 0.0 ], [ 135.494043134000094, -0.809675512999945, 0.0 ], [ 135.494063548000099, -0.809673785999962, 0.0 ], [ 135.494116214000087, -0.809693297999956, 0.0 ], [ 135.494146334000106, -0.80971922599997, 0.0 ], [ 135.494169842000019, -0.809760555999958, 0.0 ], [ 135.494186959000103, -0.809784834999959, 0.0 ], [ 135.494226144000095, -0.809828246999928, 0.0 ], [ 135.49426505100007, -0.80985925899995, 0.0 ], [ 135.494329850000099, -0.809868838999932, 0.0 ], [ 135.494368015000077, -0.809867698999938, 0.0 ], [ 135.4944213120001, -0.809846586999925, 0.0 ], [ 135.494526220000012, -0.809809124999958, 0.0 ], [ 135.49461529600012, -0.809784655999977, 0.0 ], [ 135.494712636000031, -0.809748713999966, 0.0 ], [ 135.494736400000079, -0.809748901999967, 0.0 ], [ 135.494780221000042, -0.80976652399994, 0.0 ], [ 135.494819271000097, -0.80979664399996, 0.0 ], [ 135.494846694000103, -0.809833574999971, 0.0 ], [ 135.49490550500002, -0.809900184999947, 0.0 ], [ 135.494978795000065, -0.809909820999962, 0.0 ], [ 135.495148258000086, -0.809898166999972, 0.0 ], [ 135.4952929210001, -0.809894784999926, 0.0 ], [ 135.495437646000028, -0.809904818999939, 0.0 ], [ 135.495673576000058, -0.809917336999945, 0.0 ], [ 135.495775139000102, -0.80992484899997, 0.0 ], [ 135.495921520000024, -0.809979837999947, 0.0 ], [ 135.496122631000048, -0.810069386999942, 0.0 ], [ 135.496200728000076, -0.810139011999979, 0.0 ], [ 135.496303434000083, -0.810277417999941, 0.0 ], [ 135.496412435000025, -0.810404554999934, 0.0 ], [ 135.49658351700009, -0.810548450999931, 0.0 ], [ 135.4967745780001, -0.810700050999969, 0.0 ], [ 135.496959160000074, -0.810822671999972, 0.0 ], [ 135.497105464000015, -0.810940209999956, 0.0 ], [ 135.497158324000111, -0.811041496999962, 0.0 ], [ 135.497211207000078, -0.811108154999943, 0.0 ], [ 135.497240692000105, -0.811133039999959, 0.0 ], [ 135.497282795000046, -0.811142093999933, 0.0 ], [ 135.497372054000039, -0.811115214999973, 0.0 ], [ 135.497558566000066, -0.811025885999925, 0.0 ], [ 135.497639200000094, -0.810976383999957, 0.0 ], [ 135.497820466, -0.810964403999947, 0.0 ], [ 135.498024740000119, -0.811018797999964, 0.0 ], [ 135.498331283000084, -0.811204820999933, 0.0 ], [ 135.498449756000014, -0.811552157999927, 0.0 ], [ 135.498720152000033, -0.811698232999959, 0.0 ], [ 135.498920946000112, -0.811747801999957, 0.0 ], [ 135.499028596000016, -0.811846208999953, 0.0 ], [ 135.499086414000089, -0.81193654499998, 0.0 ], [ 135.499160725000024, -0.812003982999954, 0.0 ], [ 135.499189622000017, -0.81202, 0.0 ], [ 135.49921, -0.81202, 0.0 ], [ 135.49922, -0.81202, 0.0 ], [ 135.49922, -0.81203, 0.0 ] ] ] } },
{ "type": "Feature", "properties": { "OID_": 1, "Shape_Leng": 0.07369590283000001, "Panjang": 5.1, "Status": "Jalan Kabupaten", "Kd_Inf": "039", "Nm_Ruas": "Ineki - Insumbrei", "Fungsi": "Lokal Primer", "Mendukung": "PKW Ling", "Ura_Dukung": "Penghubung wilayah lokal", "Kd_Bd_PU": "02", "Kd_Jns_Inf": "01", "Kab_Kot": "Supiori", "Kecamatan": "Kepulauan Aruri", "Desa_Kel": "Insumbrei, Ineki", "Km_Awal": "0+000", "Km_Akhir": "5+100", "Nm_Lintas": "-", "Jns_Pen": "Pemeliharaan", "Kd_Patok": "-", "Propinsi": "Papua", "Tk_Ruas_Aw": "Tempat Wisata Urbanisasi", "Tk_Ruas_Ak": "Pesisir Pantai", "Kl_Dat_Das": "Jalan Non Tol", "Tipe_Keras": "Macadam, Kerikil", "Kon_Baik": 0.8, "Kon_Sdg": 0.0, "Kon_Rgn": 0.0, "Kon_Rusak": 4.3, "Kon_T_Mntp": 4.3, "Kon_Mntp": 0.8, "Koord_X_Aw": 135.52405887899999, "Koord_Y_Aw": -0.832461122, "Koord_X_Ak": 135.54301077, "Koord_Y_Ak": -0.84790881, "Lbr_Keras": 5.0, "LHRT": 30.0, "VCR": 0.0, "MST": 0.0, "Tanah_Kri": 82.0, "Macadam": 18.0, "Aspal": 0.0, "Rigid": 0.0, "Thn_Data": 2025, "Tipe_Jln": 2, "Thn_Pen_Ak": 2025 }, "geometry": { "type": "MultiLineString", "coordinates": [ [ [ 135.524058879000108, -0.832461121999927, 0.0 ], [ 135.524003740000012, -0.832553562999976, 0.0 ], [ 135.523917691000065, -0.832630736999931, 0.0 ], [ 135.523832204000087, -0.832738809999967, 0.0 ], [ 135.523782066000081, -0.832829353999955, 0.0 ], [ 135.523679020000031, -0.832915596999953, 0.0 ], [ 135.523502882000116, -0.832967091999933, 0.0 ], [ 135.523506490000045, -0.833112695999944, 0.0 ], [ 135.523460779000061, -0.833175172999972, 0.0 ], [ 135.523476976000097, -0.833443016999979, 0.0 ], [ 135.523450285000081, -0.833618408999939, 0.0 ], [ 135.523421087000088, -0.833718180999938, 0.0 ], [ 135.523295835000113, -0.833963942999958, 0.0 ], [ 135.523220094000067, -0.834072517999971, 0.0 ], [ 135.523232310000026, -0.834172873999933, 0.0 ], [ 135.52317641500008, -0.834231791999969, 0.0 ], [ 135.523262137000074, -0.834459438999943, 0.0 ], [ 135.523349739000082, -0.834645643999977, 0.0 ], [ 135.523368436000055, -0.834765937999975, 0.0 ], [ 135.523448395000059, -0.835094824999942, 0.0 ], [ 135.523493009000049, -0.835228546999929, 0.0 ], [ 135.52361850300008, -0.835467116999951, 0.0 ], [ 135.523637660000077, -0.835624765999967, 0.0 ], [ 135.523831380000047, -0.835708641999929, 0.0 ], [ 135.523963841000068, -0.835885893999944, 0.0 ], [ 135.524119742000039, -0.836049215999935, 0.0 ], [ 135.52419696700008, -0.836123404999967, 0.0 ], [ 135.524378761000094, -0.836435854999934, 0.0 ], [ 135.524380986000097, -0.836543938999966, 0.0 ], [ 135.524485321000043, -0.836844197999937, 0.0 ], [ 135.524525256000061, -0.837030955999978, 0.0 ], [ 135.524504911, -0.837263640999936, 0.0 ], [ 135.524508721000075, -0.837482023999939, 0.0 ], [ 135.524561414000118, -0.837763564999932, 0.0 ], [ 135.524567396000066, -0.838136194999947, 0.0 ], [ 135.524535674000049, -0.838353806999976, 0.0 ], [ 135.524584769000057, -0.838489495999966, 0.0 ], [ 135.524586281000097, -0.83858547799997, 0.0 ], [ 135.524623287000054, -0.838695334999954, 0.0 ], [ 135.524710059000085, -0.838869314999954, 0.0 ], [ 135.524805229000094, -0.838993543999948, 0.0 ], [ 135.525233794000087, -0.839152837999961, 0.0 ], [ 135.525424557000065, -0.839233591999971, 0.0 ], [ 135.526725904000045, -0.840180539999949, 0.0 ], [ 135.52757955900006, -0.840830202999939, 0.0 ], [ 135.527975913000091, -0.841145837999932, 0.0 ], [ 135.52826786300011, -0.84131671199998, 0.0 ], [ 135.528656672000011, -0.841494750999971, 0.0 ], [ 135.528878464000059, -0.841598859999976, 0.0 ], [ 135.529527315000109, -0.841776398999968, 0.0 ], [ 135.530093229000045, -0.841966075999949, 0.0 ], [ 135.530619399000102, -0.842085389999966, 0.0 ], [ 135.530911670000023, -0.84217534499993, 0.0 ], [ 135.531078687000104, -0.842249273999926, 0.0 ], [ 135.531416113000091, -0.842534055999977, 0.0 ], [ 135.531767929000011, -0.842940494999937, 0.0 ], [ 135.532288401000073, -0.843779109999957, 0.0 ], [ 135.53280811400009, -0.844753975999936, 0.0 ], [ 135.53319113800012, -0.845783412999936, 0.0 ], [ 135.533369302000096, -0.846630510999944, 0.0 ], [ 135.53342408200001, -0.847265849999928, 0.0 ], [ 135.53347549800003, -0.847921952999968, 0.0 ], [ 135.533546190000038, -0.849011606999966, 0.0 ], [ 135.533823647000077, -0.850850710999964, 0.0 ], [ 135.533866762000116, -0.852110626999945, 0.0 ], [ 135.533981967000045, -0.853556947999948, 0.0 ], [ 135.534028682000098, -0.853841204999981, 0.0 ], [ 135.534052631, -0.854196816999945, 0.0 ], [ 135.534110417000079, -0.854356213999949, 0.0 ], [ 135.534220356000105, -0.854486216999931, 0.0 ], [ 135.534282045000054, -0.854768237999963, 0.0 ], [ 135.534285202000092, -0.85497473199996, 0.0 ], [ 135.534249070000101, -0.855130030999931, 0.0 ], [ 135.534151729000087, -0.855291295999962, 0.0 ], [ 135.534118439000054, -0.85538418799996, 0.0 ], [ 135.534112288000074, -0.855607498999973, 0.0 ], [ 135.534026816000051, -0.85581308299993, 0.0 ], [ 135.534024166000108, -0.856007291999958, 0.0 ], [ 135.534024012000032, -0.85601565199994, 0.0 ], [ 135.533946366, -0.856355365999946, 0.0 ], [ 135.533909820000076, -0.856565825999951, 0.0 ], [ 135.533545296000057, -0.857756109999968, 0.0 ], [ 135.533581781000066, -0.857806642999947, 0.0 ], [ 135.533653718000096, -0.857925823999949, 0.0 ], [ 135.53371547100005, -0.858091976999958, 0.0 ], [ 135.533920771000112, -0.85834178999994, 0.0 ], [ 135.534015879000094, -0.858495267999956, 0.0 ], [ 135.534170311000025, -0.858724803999962, 0.0 ], [ 135.534477668000022, -0.859004047999974, 0.0 ], [ 135.534586134000051, -0.859165120999933, 0.0 ], [ 135.534690218000037, -0.859466544999975, 0.0 ], [ 135.534881683000094, -0.859664584999962, 0.0 ], [ 135.534942217000093, -0.859797037999954, 0.0 ], [ 135.534990813000036, -0.859945418999928, 0.0 ], [ 135.535094083000104, -0.860038341999939, 0.0 ], [ 135.53516757400007, -0.86013016499993, 0.0 ], [ 135.535391158000039, -0.860297043999935, 0.0 ], [ 135.535431142000107, -0.860501153999962, 0.0 ], [ 135.535661343000015, -0.860737859999972, 0.0 ], [ 135.535686626000029, -0.86085395899994, 0.0 ], [ 135.535826693000104, -0.861056358999974, 0.0 ], [ 135.535863533000111, -0.861484805999964, 0.0 ], [ 135.535836273000086, -0.861696309999957, 0.0 ], [ 135.535723344000075, -0.861836506999964, 0.0 ], [ 135.535663589000023, -0.862002366999945, 0.0 ], [ 135.535537624000085, -0.862108701999944, 0.0 ], [ 135.535437750000028, -0.862236910999968, 0.0 ], [ 135.535321707000094, -0.862382867999941, 0.0 ], [ 135.535297919000072, -0.862526241999944, 0.0 ], [ 135.535245484000029, -0.862756183999977, 0.0 ], [ 135.535443384000018, -0.863191356999948, 0.0 ], [ 135.535624659000064, -0.863505155999974, 0.0 ], [ 135.535863418000076, -0.863915327999962, 0.0 ], [ 135.5360363100001, -0.864014605999955, 0.0 ], [ 135.53643880900006, -0.86429674599998, 0.0 ], [ 135.536500378000028, -0.864772261999974, 0.0 ], [ 135.536627748000114, -0.865029703999937, 0.0 ], [ 135.536865108000029, -0.865456886999937, 0.0 ], [ 135.537091746000101, -0.865760252999962, 0.0 ], [ 135.537197484000103, -0.866159160999928, 0.0 ], [ 135.537404848000051, -0.866554399999927, 0.0 ], [ 135.537928392000026, -0.866939264999928, 0.0 ], [ 135.538018743000066, -0.867334318999951, 0.0 ], [ 135.538024904000054, -0.867841495999926, 0.0 ], [ 135.538154717000111, -0.868325674999937, 0.0 ], [ 135.538179896000088, -0.868529993999971, 0.0 ], [ 135.538601673000016, -0.869212524999966, 0.0 ], [ 135.538848616000109, -0.869371847999957, 0.0 ], [ 135.539111379000019, -0.869512424999925, 0.0 ], [ 135.539273015000049, -0.869619575999934, 0.0 ], [ 135.539472026000112, -0.869732779999936, 0.0 ], [ 135.539823929000022, -0.869807798999943, 0.0 ], [ 135.539999176000038, -0.869817017999935, 0.0 ], [ 135.540422739000064, -0.869677939999974, 0.0 ], [ 135.540594316000011, -0.869539523999947, 0.0 ], [ 135.540859913000077, -0.869241606999935, 0.0 ], [ 135.541027151000094, -0.86895437499993, 0.0 ], [ 135.541115016000049, -0.868732188999957, 0.0 ], [ 135.541296062000015, -0.868397827999956, 0.0 ], [ 135.54154328900006, -0.867438460999949, 0.0 ], [ 135.541618045000064, -0.867123574999937, 0.0 ], [ 135.541531894000059, -0.86673299399996, 0.0 ], [ 135.541265601000077, -0.866151487999957, 0.0 ], [ 135.541062964000048, -0.86585662899995, 0.0 ], [ 135.540823069000112, -0.865574858999935, 0.0 ], [ 135.540507806000051, -0.865174511999953, 0.0 ], [ 135.540311957000085, -0.864813227999946, 0.0 ], [ 135.540262257000109, -0.864556393999976, 0.0 ], [ 135.540053313000044, -0.864199130999964, 0.0 ], [ 135.539798636000114, -0.863639762999981, 0.0 ], [ 135.53977942500012, -0.863405474999979, 0.0 ], [ 135.539737934000073, -0.862942601999976, 0.0 ], [ 135.5395901710001, -0.862233538999931, 0.0 ], [ 135.539075230000094, -0.861892381999951, 0.0 ], [ 135.539079874000095, -0.861262896999961, 0.0 ], [ 135.539407683000036, -0.860871485999951, 0.0 ], [ 135.540130422000061, -0.859479379999925, 0.0 ], [ 135.541364360000102, -0.857800702999953, 0.0 ], [ 135.541480400000069, -0.856941761999963, 0.0 ], [ 135.540727607, -0.855333123999969, 0.0 ], [ 135.540623869000115, -0.855148364999934, 0.0 ], [ 135.540495776000057, -0.85496567399997, 0.0 ], [ 135.540412809000031, -0.854820123999957, 0.0 ], [ 135.540413802000103, -0.854735051999967, 0.0 ], [ 135.540449246000094, -0.854621465999969, 0.0 ], [ 135.54054183400001, -0.854602367999973, 0.0 ], [ 135.540664954000022, -0.854605262999939, 0.0 ], [ 135.540974071000051, -0.85474908499998, 0.0 ], [ 135.541235810000103, -0.854817047999973, 0.0 ], [ 135.541357640000115, -0.854848422999964, 0.0 ], [ 135.541616282000064, -0.85485539299998, 0.0 ], [ 135.541875858000026, -0.854733198999952, 0.0 ], [ 135.542098613, -0.854594548999955, 0.0 ], [ 135.542563776000065, -0.854380094999954, 0.0 ], [ 135.542796299000088, -0.854260072999978, 0.0 ], [ 135.543010163000076, -0.853992132999963, 0.0 ], [ 135.543113653000091, -0.853839593999965, 0.0 ], [ 135.543140409000102, -0.853754159999937, 0.0 ], [ 135.543125853000106, -0.852900904999956, 0.0 ], [ 135.542970723000053, -0.852381581999964, 0.0 ], [ 135.542849105000073, -0.85159992399997, 0.0 ], [ 135.54279568000004, -0.85098630899995, 0.0 ], [ 135.542804910000086, -0.850515978999965, 0.0 ], [ 135.54285737500004, -0.850400625999953, 0.0 ], [ 135.542892455000015, -0.85003527799995, 0.0 ], [ 135.542883911000104, -0.849377595999954, 0.0 ], [ 135.542956960000083, -0.848716081999953, 0.0 ], [ 135.542990850000024, -0.848112151999942, 0.0 ], [ 135.543021613000064, -0.847939124999925, 0.0 ], [ 135.543010770000024, -0.847908809999979, 0.0 ] ] ] } },
{ "type": "Feature", "properties": { "OID_": 1, "Shape_Leng": 0.04062656864, "Panjang": 2.8, "Status": "Jalan Kabupaten", "Kd_Inf": "008", "Nm_Ruas": "Korido - Ababiadi", "Fungsi": "Lokal Primer", "Mendukung": "PKW Ling", "Ura_Dukung": "Akses pelayanan dasar", "Kd_Bd_PU": "02", "Kd_Jns_Inf": "01", "Kab_Kot": "Supiori", "Kecamatan": "Supiori Selatan", "Desa_Kel": "Fanindi, Odori", "Km_Awal": "0+000", "Km_Akhir": "2+800", "Nm_Lintas": "-", "Jns_Pen": "Pemeliharaan", "Kd_Patok": "-", "Propinsi": "Papua", "Tk_Ruas_Aw": "SD Negeri Ababiaiadi", "Tk_Ruas_Ak": "Jalan Yandoker", "Kl_Dat_Das": "Jalan Non Tol", "Tipe_Keras": "Macadam", "Kon_Baik": 0.0, "Kon_Sdg": 0.0, "Kon_Rgn": 0.0, "Kon_Rusak": 2.8, "Kon_T_Mntp": 2.8, "Kon_Mntp": 0.0, "Koord_X_Aw": 135.59444090299999, "Koord_Y_Aw": -0.8355722135, "Koord_X_Ak": 135.56819514, "Koord_Y_Ak": -0.819274347, "Lbr_Keras": 6.0, "LHRT": 50.0, "VCR": 0.0, "MST": 0.0, "Tanah_Kri": 0.0, "Macadam": 100.0, "Aspal": 0.0, "Rigid": 0.0, "Thn_Data": 2025, "Tipe_Jln": 2, "Thn_Pen_Ak": 2025 }, "geometry": { "type": "MultiLineString", "coordinates": [ [ [ 135.594440902500025, -0.835572213499944, 0.0 ], [ 135.594325462704887, -0.835629245563183, 0.0 ], [ 135.594184067743242, -0.835683150230081, 0.0 ], [ 135.59375590500008, -0.835734029999912, 0.0 ], [ 135.59304587400004, -0.835722673999953, 0.0 ], [ 135.592548949000047, -0.835658554999895, 0.0 ], [ 135.59174846000019, -0.835515265999959, 0.0 ], [ 135.59151845100007, -0.835453465999876, 0.0 ], [ 135.591425224000091, -0.835490187999937, 0.0 ], [ 135.590674377000028, -0.836134997999977, 0.0 ], [ 135.58963769200011, -0.836995348999949, 0.0 ], [ 135.589241539000113, -0.837285757999894, 0.0 ], [ 135.589203114000043, -0.8373040809999, 0.0 ], [ 135.589022162000219, -0.837225678999971, 0.0 ], [ 135.588984017000143, -0.837208590999978, 0.0 ], [ 135.588985589000117, -0.837165205999952, 0.0 ], [ 135.588997006000227, -0.83714523499998, 0.0 ], [ 135.589272210000104, -0.836540669999977, 0.0 ], [ 135.589279378000015, -0.836462733999895, 0.0 ], [ 135.589253081000038, -0.836423017999891, 0.0 ], [ 135.589154594000092, -0.836374336999882, 0.0 ], [ 135.588712977000114, -0.836305537999976, 0.0 ], [ 135.588378325000122, -0.83630043099987, 0.0 ], [ 135.588037927000187, -0.83629711999987, 0.0 ], [ 135.587803819000214, -0.836210108999978, 0.0 ], [ 135.587256658000115, -0.836001478999947, 0.0 ], [ 135.586908118000224, -0.835863202999974, 0.0 ], [ 135.586382835000222, -0.835502650999956, 0.0 ], [ 135.585471484000209, -0.834831369999961, 0.0 ], [ 135.584978824000132, -0.834538832999897, 0.0 ], [ 135.584709436000026, -0.834383375999892, 0.0 ], [ 135.584575668000184, -0.834266247999892, 0.0 ], [ 135.584297912000125, -0.833926694999946, 0.0 ], [ 135.583993523000231, -0.833667378999905, 0.0 ], [ 135.583813562000159, -0.833515494999972, 0.0 ], [ 135.583615297000051, -0.833426105999933, 0.0 ], [ 135.583209727000053, -0.833303140999874, 0.0 ], [ 135.582502465000175, -0.833123130999979, 0.0 ], [ 135.582013699000186, -0.832907593999948, 0.0 ], [ 135.581574495000041, -0.832689174999871, 0.0 ], [ 135.581181633000142, -0.832538265999915, 0.0 ], [ 135.581030347000024, -0.832461940999906, 0.0 ], [ 135.58070087700014, -0.832138558999873, 0.0 ], [ 135.580041282000138, -0.831445320999933, 0.0 ], [ 135.579129517000069, -0.830490314999963, 0.0 ], [ 135.578756082000041, -0.830135264999967, 0.0 ], [ 135.57856584600006, -0.829962623999961, 0.0 ], [ 135.57822260100022, -0.829724289999888, 0.0 ], [ 135.577462050000122, -0.829216533999954, 0.0 ], [ 135.57651981700019, -0.828567524999926, 0.0 ], [ 135.575590217000013, -0.827874195999925, 0.0 ], [ 135.57525165200002, -0.827691168999877, 0.0 ], [ 135.574751319000029, -0.827462848999915, 0.0 ], [ 135.574492637000162, -0.827325489999907, 0.0 ], [ 135.57432682600006, -0.827170443999876, 0.0 ], [ 135.574153378000233, -0.826894150999919, 0.0 ], [ 135.573573849000013, -0.825706570999898, 0.0 ], [ 135.573051968000073, -0.824735615999941, 0.0 ], [ 135.572347602000036, -0.82393148299991, 0.0 ], [ 135.571575912000185, -0.823020983999925, 0.0 ], [ 135.571153532000039, -0.822513449999917, 0.0 ], [ 135.570685765000121, -0.822050386999877, 0.0 ], [ 135.570092614000146, -0.821367910999925, 0.0 ], [ 135.56939335800007, -0.820616426999891, 0.0 ], [ 135.568964316000233, -0.820200547999946, 0.0 ], [ 135.568750665000039, -0.820037752999895, 0.0 ], [ 135.568653600000061, -0.819912932999955, 0.0 ], [ 135.568195140000057, -0.819274346999975, 0.0 ] ] ] } },
{ "type": "Feature", "properties": { "OID_": 1, "Shape_Leng": 0.12617435622000001, "Panjang": 8.7, "Status": "Jalan Kabupaten", "Kd_Inf": "009", "Nm_Ruas": "Ababiadi - Kunef", "Fungsi": "Kolektor Primer", "Mendukung": "PKW", "Ura_Dukung": "Penghubung wilayah", "Kd_Bd_PU": "02", "Kd_Jns_Inf": "01", "Kab_Kot": "Supiori", "Kecamatan": "Supiori Selatan", "Desa_Kel": "Odori, Didiabolo", "Km_Awal": "0+000", "Km_Akhir": "8+700", "Nm_Lintas": "-", "Jns_Pen": "Pemeliharaan", "Kd_Patok": "-", "Propinsi": "Papua", "Tk_Ruas_Aw": "Teluk Odori", "Tk_Ruas_Ak": "SD Negeri Ababiaiadi", "Kl_Dat_Das": "Jalan Non Tol", "Tipe_Keras": "Macadam, Kerikil", "Kon_Baik": 2.0, "Kon_Sdg": 0.0, "Kon_Rgn": 2.7, "Kon_Rusak": 4.0, "Kon_T_Mntp": 6.7, "Kon_Mntp": 2.0, "Koord_X_Aw": 135.56819514, "Koord_Y_Aw": -0.819274347, "Koord_X_Ak": 135.488104472, "Koord_Y_Ak": -0.74666191, "Lbr_Keras": 6.0, "LHRT": 30.0, "VCR": 0.0, "MST": 0.0, "Tanah_Kri": 20.0, "Macadam": 80.0, "Aspal": 0.0, "Rigid": 0.0, "Thn_Data": 2025, "Tipe_Jln": 2, "Thn_Pen_Ak": 2025 }, "geometry": { "type": "MultiLineString", "coordinates": [ [ [ 135.568195140000086, -0.819274346999975, 0.0 ], [ 135.568132964660776, -0.819163017700415, 0.0 ], [ 135.568047724000053, -0.819038043999967, 0.0 ], [ 135.567987770000059, -0.81892139099989, 0.0 ], [ 135.567821360000039, -0.818635327999971, 0.0 ], [ 135.567667021000148, -0.818375767999953, 0.0 ], [ 135.56756877600003, -0.818089835999956, 0.0 ], [ 135.567422672000021, -0.817695235999963, 0.0 ], [ 135.567311738000058, -0.817538166999952, 0.0 ], [ 135.567149015000041, -0.817380892999893, 0.0 ], [ 135.566895123000222, -0.817129755999929, 0.0 ], [ 135.566568255000107, -0.816891346999967, 0.0 ], [ 135.566237233000152, -0.816712268999936, 0.0 ], [ 135.565942428000199, -0.816612698999961, 0.0 ], [ 135.565760615000158, -0.816539611999929, 0.0 ], [ 135.565485836000221, -0.816366916999925, 0.0 ], [ 135.565035381000143, -0.815914839999948, 0.0 ], [ 135.564581689000079, -0.815432236999868, 0.0 ], [ 135.564299123000183, -0.815105540999923, 0.0 ], [ 135.564187364000077, -0.814768325999921, 0.0 ], [ 135.564111241000091, -0.814480521999883, 0.0 ], [ 135.564014962000215, -0.814334009999868, 0.0 ], [ 135.563872360000119, -0.814220905999946, 0.0 ], [ 135.563772582000183, -0.814180198999907, 0.0 ], [ 135.563598892000073, -0.814141156999881, 0.0 ], [ 135.563446595000187, -0.814037393999911, 0.0 ], [ 135.563340621000066, -0.813900220999926, 0.0 ], [ 135.563107316000014, -0.813505134999957, 0.0 ], [ 135.563029061000066, -0.813331538999876, 0.0 ], [ 135.56290871200008, -0.813148397999896, 0.0 ], [ 135.562832254000227, -0.812980548999974, 0.0 ], [ 135.56264416700003, -0.812407317999885, 0.0 ], [ 135.562632187000077, -0.812110810999968, 0.0 ], [ 135.562631023000108, -0.811663316999955, 0.0 ], [ 135.562553759000025, -0.811416239999971, 0.0 ], [ 135.562381864000031, -0.810995642999956, 0.0 ], [ 135.562129335, -0.81036560799987, 0.0 ], [ 135.562147020000225, -0.81007117799993, 0.0 ], [ 135.562171912000053, -0.809900650999964, 0.0 ], [ 135.562292875000026, -0.809541123999963, 0.0 ], [ 135.562362499000187, -0.809279652999919, 0.0 ], [ 135.562423644000091, -0.809003171999962, 0.0 ], [ 135.562390626000024, -0.808752350999896, 0.0 ], [ 135.562304564000101, -0.808323835999943, 0.0 ], [ 135.562188462000222, -0.807811358999913, 0.0 ], [ 135.561994968000022, -0.807507272999885, 0.0 ], [ 135.561812499000098, -0.807387711999979, 0.0 ], [ 135.5616287590002, -0.807377044999953, 0.0 ], [ 135.561401353000065, -0.807400217999941, 0.0 ], [ 135.561329163000096, -0.807391252999878, 0.0 ], [ 135.561258190000217, -0.807357937999882, 0.0 ], [ 135.561206362, -0.807155892999958, 0.0 ], [ 135.561181073000057, -0.806756313999927, 0.0 ], [ 135.561102179000159, -0.806249862999948, 0.0 ], [ 135.560922985000047, -0.805975366999974, 0.0 ], [ 135.560819836000178, -0.805584996999926, 0.0 ], [ 135.560798085000215, -0.805281451999917, 0.0 ], [ 135.560772535000069, -0.805018203999907, 0.0 ], [ 135.560701037000172, -0.804870249999965, 0.0 ], [ 135.560604252000076, -0.804710017999923, 0.0 ], [ 135.560595399000135, -0.804613122999967, 0.0 ], [ 135.560577411000054, -0.804454742999951, 0.0 ], [ 135.560630377000166, -0.804228758999955, 0.0 ], [ 135.560775879000175, -0.804105041999946, 0.0 ], [ 135.560892726000134, -0.80400668599998, 0.0 ], [ 135.560933939000051, -0.803920626999968, 0.0 ], [ 135.560961133000205, -0.803769564999925, 0.0 ], [ 135.560988138000198, -0.80338390999998, 0.0 ], [ 135.560974136000141, -0.803032525999924, 0.0 ], [ 135.560881581000217, -0.802829338999913, 0.0 ], [ 135.56072310400009, -0.802342728999974, 0.0 ], [ 135.5605806330002, -0.802161459999979, 0.0 ], [ 135.560391482000227, -0.802032634999875, 0.0 ], [ 135.560220150000077, -0.801928515999975, 0.0 ], [ 135.560038448000114, -0.801686343999961, 0.0 ], [ 135.559812836000106, -0.80132796099997, 0.0 ], [ 135.559583014000168, -0.801113451999868, 0.0 ], [ 135.559256688000119, -0.800703299999952, 0.0 ], [ 135.559119213000031, -0.800356463999947, 0.0 ], [ 135.558886955000162, -0.799803353999948, 0.0 ], [ 135.558709597000075, -0.799736443999961, 0.0 ], [ 135.55837698300013, -0.799499831999924, 0.0 ], [ 135.557934541, -0.799250885999868, 0.0 ], [ 135.557760176000102, -0.799064450999879, 0.0 ], [ 135.557573159000185, -0.798821417999932, 0.0 ], [ 135.557142394000152, -0.798416169999882, 0.0 ], [ 135.5570063790002, -0.798195034999878, 0.0 ], [ 135.556666670000027, -0.797665433999953, 0.0 ], [ 135.556387642000232, -0.797434772999964, 0.0 ], [ 135.55596633100015, -0.797257436999928, 0.0 ], [ 135.555502235000063, -0.797209543999884, 0.0 ], [ 135.555359522000117, -0.797265525999933, 0.0 ], [ 135.555169250000176, -0.797278348999896, 0.0 ], [ 135.555101795000155, -0.797240148999947, 0.0 ], [ 135.554953222000222, -0.797079710999981, 0.0 ], [ 135.554729371000121, -0.796912536999912, 0.0 ], [ 135.554601553000111, -0.796845563999966, 0.0 ], [ 135.554134051000233, -0.796936316999961, 0.0 ], [ 135.553239213000097, -0.797157621999929, 0.0 ], [ 135.552920401000165, -0.797152597999968, 0.0 ], [ 135.552762206000125, -0.797060386999874, 0.0 ], [ 135.552667113000098, -0.796825242999887, 0.0 ], [ 135.552390339000112, -0.796560671999941, 0.0 ], [ 135.552232326000194, -0.796508444999972, 0.0 ], [ 135.55199699800005, -0.796563553999931, 0.0 ], [ 135.551821622000148, -0.796495195999967, 0.0 ], [ 135.551705694000134, -0.796429807999971, 0.0 ], [ 135.551605896000183, -0.796347054999956, 0.0 ], [ 135.551387655000212, -0.795885539999972, 0.0 ], [ 135.551208529000064, -0.795470312999953, 0.0 ], [ 135.550926316000073, -0.795198202999927, 0.0 ], [ 135.55029526900023, -0.79473641699991, 0.0 ], [ 135.549752276000163, -0.794388774999902, 0.0 ], [ 135.549174420000099, -0.794215276999921, 0.0 ], [ 135.548220492000041, -0.793568017999974, 0.0 ], [ 135.548071755000024, -0.793417408999915, 0.0 ], [ 135.548057862000064, -0.793215392999912, 0.0 ], [ 135.54797789600002, -0.793215758999963, 0.0 ], [ 135.547810059000085, -0.793141962999869, 0.0 ], [ 135.547613298000101, -0.793123411999943, 0.0 ], [ 135.546872174000214, -0.792930128999956, 0.0 ], [ 135.546487926000054, -0.792794646999937, 0.0 ], [ 135.546230800000103, -0.792573211999979, 0.0 ], [ 135.545912626000018, -0.792235346999917, 0.0 ], [ 135.545621321000226, -0.792101600999956, 0.0 ], [ 135.544563988000164, -0.791763878999973, 0.0 ], [ 135.543758663000062, -0.791473631999963, 0.0 ], [ 135.543386023000153, -0.791513159999909, 0.0 ], [ 135.543179803000157, -0.791553006999948, 0.0 ], [ 135.542956903000118, -0.791490269999883, 0.0 ], [ 135.542784313000084, -0.791322479999963, 0.0 ], [ 135.542641515000014, -0.791052973999967, 0.0 ], [ 135.542524991000164, -0.790621250999948, 0.0 ], [ 135.542479842000034, -0.79020108799989, 0.0 ], [ 135.542197765000083, -0.789722574999928, 0.0 ], [ 135.541942558000187, -0.789448179999965, 0.0 ], [ 135.541693338000186, -0.789301273999968, 0.0 ], [ 135.541159254000036, -0.788775285999975, 0.0 ], [ 135.540813342000206, -0.788279773999932, 0.0 ], [ 135.540487126000016, -0.788073784999938, 0.0 ], [ 135.540158306000194, -0.788007209999932, 0.0 ], [ 135.539696927000136, -0.78801904799991, 0.0 ], [ 135.539062639, -0.788029516999927, 0.0 ], [ 135.538804876000086, -0.788140921999968, 0.0 ], [ 135.5386781200001, -0.788306840999951, 0.0 ], [ 135.538176622000151, -0.788525264999976, 0.0 ], [ 135.537789770000131, -0.788529196999946, 0.0 ], [ 135.537051982000207, -0.788356430999954, 0.0 ], [ 135.536127576000126, -0.788020260999929, 0.0 ], [ 135.535908331000201, -0.787811620999889, 0.0 ], [ 135.535775358000024, -0.787563681999927, 0.0 ], [ 135.535519324000234, -0.78663658399995, 0.0 ], [ 135.535311775000196, -0.786150164999924, 0.0 ], [ 135.53507214900003, -0.785738456999979, 0.0 ], [ 135.534762063000016, -0.785515103999955, 0.0 ], [ 135.534483369000213, -0.785303492999958, 0.0 ], [ 135.534239038000123, -0.785044177999907, 0.0 ], [ 135.534077642000057, -0.784725046999881, 0.0 ], [ 135.533921135000014, -0.784293506999973, 0.0 ], [ 135.533583860000135, -0.78403245599992, 0.0 ], [ 135.532902639000099, -0.783469318999892, 0.0 ], [ 135.532715655000175, -0.783225949999917, 0.0 ], [ 135.532542970000122, -0.782565387999966, 0.0 ], [ 135.53228716600006, -0.781924658999969, 0.0 ], [ 135.532017430000224, -0.781781087999889, 0.0 ], [ 135.531741753000233, -0.781756414999904, 0.0 ], [ 135.530959460000076, -0.781776205999961, 0.0 ], [ 135.530375505000166, -0.781806739999979, 0.0 ], [ 135.530128067000078, -0.781929233999904, 0.0 ], [ 135.529721321000011, -0.78183084099993, 0.0 ], [ 135.529585551000082, -0.781564995999872, 0.0 ], [ 135.529420664000099, -0.78127817799998, 0.0 ], [ 135.528810430000021, -0.780529060999868, 0.0 ], [ 135.528439604000141, -0.780208888999937, 0.0 ], [ 135.528039992000231, -0.779363828999919, 0.0 ], [ 135.527556042000015, -0.778537623999966, 0.0 ], [ 135.527066629000046, -0.778247014999977, 0.0 ], [ 135.526860690000035, -0.778213660999882, 0.0 ], [ 135.526012618000209, -0.778531498999882, 0.0 ], [ 135.525458168000114, -0.778441697999938, 0.0 ], [ 135.525179378000189, -0.778055145999929, 0.0 ], [ 135.52525981000008, -0.777759289999949, 0.0 ], [ 135.525648034000028, -0.777269430999922, 0.0 ], [ 135.525577749000036, -0.776900392999949, 0.0 ], [ 135.525416321000193, -0.776792961999945, 0.0 ], [ 135.525199673000202, -0.776725358999954, 0.0 ], [ 135.524724098000206, -0.777152299999898, 0.0 ], [ 135.524437727000191, -0.777414800999964, 0.0 ], [ 135.523694073000115, -0.777489438999908, 0.0 ], [ 135.523211132000029, -0.777459990999887, 0.0 ], [ 135.522632696000073, -0.777317533999906, 0.0 ], [ 135.522320105000063, -0.777039306999882, 0.0 ], [ 135.522019001000103, -0.776389028999915, 0.0 ], [ 135.52159417900009, -0.775799998999958, 0.0 ], [ 135.520864132000156, -0.77538913099994, 0.0 ], [ 135.520489516000112, -0.775393483999949, 0.0 ], [ 135.520211289000031, -0.775706075999892, 0.0 ], [ 135.520130856000037, -0.776001931999929, 0.0 ], [ 135.519969098000047, -0.77639841499996, 0.0 ], [ 135.519479801000102, -0.776709333999918, 0.0 ], [ 135.518788356000186, -0.776662371999976, 0.0 ], [ 135.518027519000043, -0.776441601999977, 0.0 ], [ 135.515225586000156, -0.775272478999966, 0.0 ], [ 135.513680822000197, -0.774973510999928, 0.0 ], [ 135.512547041000062, -0.774546022999914, 0.0 ], [ 135.511561296000195, -0.773606030999929, 0.0 ], [ 135.510240315000033, -0.772627998999951, 0.0 ], [ 135.509698246000198, -0.772361375999878, 0.0 ], [ 135.509423810000044, -0.77234944099996, 0.0 ], [ 135.50912371600009, -0.772495920999916, 0.0 ], [ 135.508711838000067, -0.772429210999917, 0.0 ], [ 135.508307658000035, -0.772314976999951, 0.0 ], [ 135.507764248000058, -0.771755510999981, 0.0 ], [ 135.507461804000059, -0.77081238999989, 0.0 ], [ 135.507185018000087, -0.769710854999971, 0.0 ], [ 135.506707871000117, -0.768641896999895, 0.0 ], [ 135.506010285000116, -0.767829860999939, 0.0 ], [ 135.504829758000028, -0.766988376999961, 0.0 ], [ 135.503171868000209, -0.766183375999958, 0.0 ], [ 135.501451954000231, -0.765660955999977, 0.0 ], [ 135.499782908000157, -0.764724091999938, 0.0 ], [ 135.499024190000227, -0.764389864999885, 0.0 ], [ 135.498167858000215, -0.764056085999925, 0.0 ], [ 135.497093090000135, -0.763264244999959, 0.0 ], [ 135.495442666000031, -0.761208663999923, 0.0 ], [ 135.4931625910001, -0.757620483999972, 0.0 ], [ 135.492751591000228, -0.7554405059999, 0.0 ], [ 135.492555121000123, -0.753441585999894, 0.0 ], [ 135.491966190000085, -0.752159438999911, 0.0 ], [ 135.490926449000199, -0.750950588999899, 0.0 ], [ 135.489708660000019, -0.750038041999915, 0.0 ], [ 135.488520767000068, -0.748740167999927, 0.0 ], [ 135.488081775000182, -0.747937501999957, 0.0 ], [ 135.488104472000146, -0.746661909999887, 0.0 ] ] ] } },
{ "type": "Feature", "properties": { "OID_": 1, "Shape_Leng": 0.28421132748, "Panjang": 47.0, "Status": "Jalan Kabupaten", "Kd_Inf": "027", "Nm_Ruas": "Porisa - Sawendi", "Fungsi": "Kolektor Primer", "Mendukung": "PKW", "Ura_Dukung": "Lintas distrik", "Kd_Bd_PU": "02", "Kd_Jns_Inf": "01", "Kab_Kot": "Supiori", "Kecamatan": "Kepulauan Aruri", "Desa_Kel": "Ddiabolo, Imbirsbari", "Km_Awal": "0+000", "Km_Akhir": "47+000", "Nm_Lintas": "-", "Jns_Pen": "Pemeliharaan", "Kd_Patok": "-", "Propinsi": "Papua", "Tk_Ruas_Aw": "Desa Imbirsari, Kamp. Porisa", "Tk_Ruas_Ak": "Teluk Odori", "Kl_Dat_Das": "Jalan Non Tol", "Tipe_Keras": "Kerikil", "Kon_Baik": 0.0, "Kon_Sdg": 0.0, "Kon_Rgn": 0.0, "Kon_Rusak": 47.0, "Kon_T_Mntp": 47.0, "Kon_Mntp": 0.0, "Koord_X_Aw": 135.369436544, "Koord_Y_Aw": -0.647714387, "Koord_X_Ak": 135.488104472, "Koord_Y_Ak": -0.74666191, "Lbr_Keras": 6.0, "LHRT": 30.0, "VCR": 0.0, "MST": 0.0, "Tanah_Kri": 100.0, "Macadam": 0.0, "Aspal": 0.0, "Rigid": 0.0, "Thn_Data": 2025, "Tipe_Jln": 2, "Thn_Pen_Ak": 2025 }, "geometry": { "type": "MultiLineString", "coordinates": [ [ [ 135.369436544000223, -0.647714386999894, 0.0 ], [ 135.369755384000086, -0.648304368999959, 0.0 ], [ 135.370564347000141, -0.649218443999928, 0.0 ], [ 135.370671418000029, -0.649398444999974, 0.0 ], [ 135.371163277000164, -0.650722801999962, 0.0 ], [ 135.371478070000194, -0.651199954999925, 0.0 ], [ 135.371687703000021, -0.651404771999978, 0.0 ], [ 135.37197981700001, -0.651968823999937, 0.0 ], [ 135.372020317000192, -0.652015356999868, 0.0 ], [ 135.372100139000054, -0.652174351999975, 0.0 ], [ 135.372460902000171, -0.652420295999889, 0.0 ], [ 135.372798532000161, -0.652598568999906, 0.0 ], [ 135.373233607000202, -0.652911950999908, 0.0 ], [ 135.373663066000063, -0.653207377999934, 0.0 ], [ 135.37419388800015, -0.653587407999908, 0.0 ], [ 135.374424102000035, -0.653718450999918, 0.0 ], [ 135.374656365000192, -0.653994722999869, 0.0 ], [ 135.374861489000068, -0.654385926999907, 0.0 ], [ 135.375069070000109, -0.654709341999933, 0.0 ], [ 135.375860260000195, -0.655613111999912, 0.0 ], [ 135.376137530000051, -0.655900935999966, 0.0 ], [ 135.376217135000161, -0.656067248999932, 0.0 ], [ 135.37621166800011, -0.65623256899994, 0.0 ], [ 135.37607489200002, -0.656419238999945, 0.0 ], [ 135.375755864000098, -0.656678669999906, 0.0 ], [ 135.375604612000188, -0.65687577999995, 0.0 ], [ 135.37557367300019, -0.657066805999875, 0.0 ], [ 135.375506296000026, -0.657456490999948, 0.0 ], [ 135.375534611000148, -0.657860603999893, 0.0 ], [ 135.375529880000045, -0.65797662499989, 0.0 ], [ 135.375632851000091, -0.659789653999894, 0.0 ], [ 135.375924011000052, -0.661211912999931, 0.0 ], [ 135.377614347000076, -0.664249789999928, 0.0 ], [ 135.378095614000017, -0.664841482999918, 0.0 ], [ 135.378377862000093, -0.665354916999945, 0.0 ], [ 135.378572130000066, -0.665979437999908, 0.0 ], [ 135.379093809000096, -0.667163062999975, 0.0 ], [ 135.379843121000135, -0.667900498999927, 0.0 ], [ 135.380852098000219, -0.670194457999969, 0.0 ], [ 135.382242366000128, -0.671358324999915, 0.0 ], [ 135.382495655000071, -0.671795457999963, 0.0 ], [ 135.382653724000079, -0.67202988199989, 0.0 ], [ 135.382819747000212, -0.672188882999876, 0.0 ], [ 135.383023348000052, -0.67224742999997, 0.0 ], [ 135.383453011000029, -0.672436346999916, 0.0 ], [ 135.38378996900019, -0.672618771999964, 0.0 ], [ 135.38406296900007, -0.672880333999899, 0.0 ], [ 135.384513748000131, -0.673149381999963, 0.0 ], [ 135.384838833000117, -0.673457734999886, 0.0 ], [ 135.385050449000232, -0.673756232999892, 0.0 ], [ 135.385404808000089, -0.673962784999958, 0.0 ], [ 135.386406030000217, -0.674517021999975, 0.0 ], [ 135.386966446000201, -0.674714331999951, 0.0 ], [ 135.387168030000225, -0.674785335999957, 0.0 ], [ 135.387278371000207, -0.674867132999964, 0.0 ], [ 135.387377160000028, -0.674993936999897, 0.0 ], [ 135.387601759000063, -0.675107023999942, 0.0 ], [ 135.387908624000033, -0.675212126999952, 0.0 ], [ 135.388125825000088, -0.675370894999901, 0.0 ], [ 135.388311852000129, -0.675669509999921, 0.0 ], [ 135.388627581000037, -0.676351374999967, 0.0 ], [ 135.388869733000206, -0.677277023999977, 0.0 ], [ 135.389017275000015, -0.677629069999966, 0.0 ], [ 135.388973760000226, -0.677792488999899, 0.0 ], [ 135.388872224000011, -0.67797208099995, 0.0 ], [ 135.388538868000069, -0.67842522899997, 0.0 ], [ 135.388253327000029, -0.678898905999972, 0.0 ], [ 135.387834459000032, -0.679406390999873, 0.0 ], [ 135.387148532000197, -0.680194508999875, 0.0 ], [ 135.386914139000055, -0.680510263999963, 0.0 ], [ 135.386588767000148, -0.681045676999872, 0.0 ], [ 135.386530221000044, -0.681249278999928, 0.0 ], [ 135.38658827200004, -0.681390792999935, 0.0 ], [ 135.386685599000202, -0.681500312999901, 0.0 ], [ 135.386701217000223, -0.681588075999969, 0.0 ], [ 135.386643460000073, -0.681813113999965, 0.0 ], [ 135.386596231000226, -0.681920529999957, 0.0 ], [ 135.386416114000099, -0.682006421999972, 0.0 ], [ 135.386149579000062, -0.682099626999957, 0.0 ], [ 135.386075298000037, -0.682189875999939, 0.0 ], [ 135.386069713000211, -0.682329606999872, 0.0 ], [ 135.386173506000091, -0.682793893999929, 0.0 ], [ 135.386239425000213, -0.682992083999977, 0.0 ], [ 135.386392434000186, -0.683178809999959, 0.0 ], [ 135.38654655400012, -0.683306051999921, 0.0 ], [ 135.386798087000216, -0.683410716999902, 0.0 ], [ 135.386977358000081, -0.683593172999963, 0.0 ], [ 135.387242405000052, -0.683930156999963, 0.0 ], [ 135.38763051400008, -0.684559819999947, 0.0 ], [ 135.387882399000091, -0.684741251999924, 0.0 ], [ 135.38831226700006, -0.684823659999893, 0.0 ], [ 135.388525636000054, -0.684900834999894, 0.0 ], [ 135.388971940000033, -0.685250129999929, 0.0 ], [ 135.389029202000188, -0.685370207999938, 0.0 ], [ 135.389086612000142, -0.685673561999977, 0.0 ], [ 135.389070968000055, -0.686033270999928, 0.0 ], [ 135.389155077000055, -0.686277023999935, 0.0 ], [ 135.389348152000139, -0.686453191999931, 0.0 ], [ 135.389471185000048, -0.686588184999891, 0.0 ], [ 135.389583456000196, -0.686789620999946, 0.0 ], [ 135.389684819000195, -0.68687422499994, 0.0 ], [ 135.389836218000141, -0.686860390999868, 0.0 ], [ 135.389962701000059, -0.686842521999893, 0.0 ], [ 135.390097051000112, -0.686881327999913, 0.0 ], [ 135.390143317000025, -0.687016671999913, 0.0 ], [ 135.390235614000176, -0.687236180999946, 0.0 ], [ 135.390358092000156, -0.687400915999888, 0.0 ], [ 135.390595236000081, -0.687383922999913, 0.0 ], [ 135.390831504000062, -0.687477591999937, 0.0 ], [ 135.391078009000125, -0.687692244999937, 0.0 ], [ 135.391370983000229, -0.68793573399995, 0.0 ], [ 135.39154180100013, -0.687933568999938, 0.0 ], [ 135.3917469820002, -0.68803498799997, 0.0 ], [ 135.39200088500013, -0.688203960999942, 0.0 ], [ 135.392149711000116, -0.68823232699998, 0.0 ], [ 135.392387411000072, -0.688185592999901, 0.0 ], [ 135.39254419100007, -0.688138536999929, 0.0 ], [ 135.392648009000027, -0.688155351999967, 0.0 ], [ 135.392726356000026, -0.688197872999922, 0.0 ], [ 135.392834006000044, -0.688296280999907, 0.0 ], [ 135.393047379000222, -0.688978614999883, 0.0 ], [ 135.393278796000232, -0.689523234999911, 0.0 ], [ 135.39334120400008, -0.689558912999928, 0.0 ], [ 135.393483187000015, -0.689603217999945, 0.0 ], [ 135.39362402900008, -0.689549318999923, 0.0 ], [ 135.393855879000171, -0.689433449999967, 0.0 ], [ 135.394078548000152, -0.689426897999965, 0.0 ], [ 135.394378044000064, -0.689735367999958, 0.0 ], [ 135.394583021000017, -0.689943295999967, 0.0 ], [ 135.39468137200015, -0.690125430999899, 0.0 ], [ 135.394784578000099, -0.690461771999935, 0.0 ], [ 135.394829208000147, -0.690844028999948, 0.0 ], [ 135.394867052000222, -0.690952437999954, 0.0 ], [ 135.39496200900021, -0.690997649999872, 0.0 ], [ 135.395159440000043, -0.691067980999946, 0.0 ], [ 135.395211642000163, -0.691140361999942, 0.0 ], [ 135.395126834000052, -0.691348232999928, 0.0 ], [ 135.394816902000116, -0.69163044599992, 0.0 ], [ 135.394762830000104, -0.691753799999901, 0.0 ], [ 135.394755344000032, -0.691931577999981, 0.0 ], [ 135.394764587000168, -0.692137634999881, 0.0 ], [ 135.394683259000203, -0.692350331999876, 0.0 ], [ 135.39394922200006, -0.69275136899995, 0.0 ], [ 135.393800105000082, -0.692961608999951, 0.0 ], [ 135.393816308000169, -0.693177316999936, 0.0 ], [ 135.394012016000147, -0.693626659999893, 0.0 ], [ 135.394063433000042, -0.694282761999887, 0.0 ], [ 135.394136373000038, -0.69480597699993, 0.0 ], [ 135.39404963800007, -0.695499367999957, 0.0 ], [ 135.394214867000187, -0.69579647899991, 0.0 ], [ 135.394512341000109, -0.696097695999867, 0.0 ], [ 135.394788065000171, -0.696368755999913, 0.0 ], [ 135.394828462000191, -0.696694923999928, 0.0 ], [ 135.394612695000205, -0.697245957999939, 0.0 ], [ 135.393929976000095, -0.698007693999898, 0.0 ], [ 135.393681535000042, -0.698267104999957, 0.0 ], [ 135.39340837400016, -0.698555805999945, 0.0 ], [ 135.393046291000132, -0.698776833999943, 0.0 ], [ 135.392614934000221, -0.698973323999951, 0.0 ], [ 135.392387433000067, -0.699025318999929, 0.0 ], [ 135.392211778000046, -0.699021307999942, 0.0 ], [ 135.392012682000086, -0.699032700999965, 0.0 ], [ 135.391885805000015, -0.699040080999964, 0.0 ], [ 135.391806878000125, -0.699063953999882, 0.0 ], [ 135.391766571000062, -0.699108047999914, 0.0 ], [ 135.391756784000108, -0.699136137999915, 0.0 ], [ 135.39185909400021, -0.699269661999949, 0.0 ], [ 135.392032617000041, -0.69942693999991, 0.0 ], [ 135.392169103000015, -0.699662006999915, 0.0 ], [ 135.39229567100017, -0.699958308999896, 0.0 ], [ 135.392405732000157, -0.700237971999968, 0.0 ], [ 135.392507276000174, -0.700451669999893, 0.0 ], [ 135.392617876000145, -0.700663342999974, 0.0 ], [ 135.392739592000225, -0.700827939999954, 0.0 ], [ 135.392850586, -0.700940177999883, 0.0 ], [ 135.393072419000077, -0.701068622999969, 0.0 ], [ 135.39317191400005, -0.701144087999978, 0.0 ], [ 135.393269971000109, -0.701152986999887, 0.0 ], [ 135.393369488000076, -0.70110975599988, 0.0 ], [ 135.393457986000158, -0.701134562999925, 0.0 ], [ 135.393570490000229, -0.701205151999886, 0.0 ], [ 135.39369458900012, -0.701333477999924, 0.0 ], [ 135.393849222000199, -0.701510388999907, 0.0 ], [ 135.394070288000194, -0.701719005999962, 0.0 ], [ 135.394214620000071, -0.701873300999921, 0.0 ], [ 135.394424689000061, -0.702031261999934, 0.0 ], [ 135.394545985000036, -0.702166115999887, 0.0 ], [ 135.395819798000161, -0.704923547999954, 0.0 ], [ 135.397883314000183, -0.707239087999881, 0.0 ], [ 135.399859149, -0.709311811999953, 0.0 ], [ 135.400769758000138, -0.710119738999936, 0.0 ], [ 135.402289759000041, -0.710772350999946, 0.0 ], [ 135.403730795000229, -0.711285164999879, 0.0 ], [ 135.404558431000169, -0.711978047999935, 0.0 ], [ 135.404870977000087, -0.712714511999934, 0.0 ], [ 135.405056632000083, -0.714548092999962, 0.0 ], [ 135.405836160000035, -0.715538002999892, 0.0 ], [ 135.406401633000087, -0.716594848999932, 0.0 ], [ 135.406561657000111, -0.717332011999929, 0.0 ], [ 135.406084225000086, -0.718397755999888, 0.0 ], [ 135.405728459000102, -0.719025976999887, 0.0 ], [ 135.405851005000159, -0.71968086399994, 0.0 ], [ 135.406835353000019, -0.721288183999945, 0.0 ], [ 135.407327786000224, -0.721698160999949, 0.0 ], [ 135.407157314000187, -0.722280187999957, 0.0 ], [ 135.407370333000131, -0.72378798099993, 0.0 ], [ 135.40746812600014, -0.724438859999964, 0.0 ], [ 135.407339838000098, -0.725230931999931, 0.0 ], [ 135.407514682000055, -0.726503927999943, 0.0 ], [ 135.407944367000141, -0.727614985999935, 0.0 ], [ 135.408996170000023, -0.728648994999958, 0.0 ], [ 135.409571576000076, -0.729174016999877, 0.0 ], [ 135.410391194000226, -0.729916403999937, 0.0 ], [ 135.412008290000017, -0.731067370999938, 0.0 ], [ 135.412920994000046, -0.732332865999922, 0.0 ], [ 135.413600814000233, -0.733154217999868, 0.0 ], [ 135.414138044000083, -0.733444441999893, 0.0 ], [ 135.414933608000183, -0.734335342999884, 0.0 ], [ 135.414907640000138, -0.734966175999944, 0.0 ], [ 135.415462484000045, -0.736402324999972, 0.0 ], [ 135.417311066000025, -0.737692391999929, 0.0 ], [ 135.42024073000016, -0.739208357999928, 0.0 ], [ 135.422245844000145, -0.740472973999942, 0.0 ], [ 135.423577242000192, -0.741349053999954, 0.0 ], [ 135.424337940000214, -0.741827882999871, 0.0 ], [ 135.424414991000162, -0.74245, 0.0 ], [ 135.424099315000149, -0.74283069899991, 0.0 ], [ 135.423962311000196, -0.743519752999873, 0.0 ], [ 135.424088167000036, -0.743997365999974, 0.0 ], [ 135.423304294000104, -0.744759460999887, 0.0 ], [ 135.422827379000069, -0.745037839999895, 0.0 ], [ 135.422192718000019, -0.74597651199997, 0.0 ], [ 135.421525803, -0.746173313999975, 0.0 ], [ 135.421019430000115, -0.746319912999923, 0.0 ], [ 135.420309813000131, -0.747094035999964, 0.0 ], [ 135.420576863000178, -0.747797728999899, 0.0 ], [ 135.422250783000095, -0.748754687999963, 0.0 ], [ 135.424404411000182, -0.750043357999914, 0.0 ], [ 135.42496396100023, -0.751607276999891, 0.0 ], [ 135.425166868000019, -0.75270700699997, 0.0 ], [ 135.425463377000028, -0.753542479999965, 0.0 ], [ 135.426085676000071, -0.754405316999964, 0.0 ], [ 135.427664596000113, -0.75532148699989, 0.0 ], [ 135.430151331000161, -0.756435494999891, 0.0 ], [ 135.433004644000221, -0.757481866999967, 0.0 ], [ 135.435606424000184, -0.758512900999904, 0.0 ], [ 135.438168115000167, -0.759791457999938, 0.0 ], [ 135.440050864000227, -0.761341073999972, 0.0 ], [ 135.441589694000186, -0.762504766999882, 0.0 ], [ 135.443905621000226, -0.765928053999971, 0.0 ], [ 135.444999609000092, -0.767172107999954, 0.0 ], [ 135.445907605000116, -0.768309832999876, 0.0 ], [ 135.446602944000233, -0.769819539999901, 0.0 ], [ 135.446770287000049, -0.770354674999965, 0.0 ], [ 135.447292878000098, -0.771048953999923, 0.0 ], [ 135.44847837400016, -0.771571182999878, 0.0 ], [ 135.449562068000091, -0.771467285999904, 0.0 ], [ 135.450421077000215, -0.771809627999971, 0.0 ], [ 135.451109614000075, -0.772733996999932, 0.0 ], [ 135.451875201, -0.77428048299987, 0.0 ], [ 135.452607139000065, -0.774780054999894, 0.0 ], [ 135.454198086000133, -0.775621967999939, 0.0 ], [ 135.457078944000159, -0.777282438999919, 0.0 ], [ 135.459334193000132, -0.778257347999954, 0.0 ], [ 135.460401333000164, -0.779039824999927, 0.0 ], [ 135.461770906000197, -0.780150701999958, 0.0 ], [ 135.462791853000226, -0.780747885999972, 0.0 ], [ 135.464505863000113, -0.781457321999937, 0.0 ], [ 135.46527388100003, -0.781734123999911, 0.0 ], [ 135.46592476, -0.781636329999913, 0.0 ], [ 135.466397665000159, -0.781382703999896, 0.0 ], [ 135.466826989000083, -0.780613986999867, 0.0 ], [ 135.467386695000073, -0.77951076599993, 0.0 ], [ 135.467926874000113, -0.777743939999937, 0.0 ], [ 135.468128540000066, -0.775871484999868, 0.0 ], [ 135.467773267000098, -0.77210531299994, 0.0 ], [ 135.467255901000044, -0.770751438999923, 0.0 ], [ 135.466584098000226, -0.769880583999907, 0.0 ], [ 135.465585809000117, -0.768829840999899, 0.0 ], [ 135.464710582000066, -0.76764661999988, 0.0 ], [ 135.463716121000061, -0.765631237999912, 0.0 ], [ 135.463147673000208, -0.763024412999869, 0.0 ], [ 135.462726342000224, -0.760136597999974, 0.0 ], [ 135.46222501200009, -0.758683714999904, 0.0 ], [ 135.461241879000227, -0.756441552999945, 0.0 ], [ 135.45934221500022, -0.753898534999962, 0.0 ], [ 135.45775910500015, -0.752067229999966, 0.0 ], [ 135.45642160400007, -0.750758333999897, 0.0 ], [ 135.455852819000029, -0.74987876199998, 0.0 ], [ 135.455482751000091, -0.749183784999957, 0.0 ], [ 135.455125926000164, -0.747779707999939, 0.0 ], [ 135.454332095000154, -0.745466599999929, 0.0 ], [ 135.454349864000051, -0.743945383999915, 0.0 ], [ 135.45510078600023, -0.742288895999934, 0.0 ], [ 135.456453781000164, -0.740679119999868, 0.0 ], [ 135.457698533000098, -0.739737654999942, 0.0 ], [ 135.458398037000052, -0.738555468999948, 0.0 ], [ 135.45973359900006, -0.736739656999873, 0.0 ], [ 135.460868530000084, -0.735221569999965, 0.0 ], [ 135.46474485900012, -0.733715665999966, 0.0 ], [ 135.466375715000027, -0.733370168999954, 0.0 ], [ 135.467770558000097, -0.733697690999975, 0.0 ], [ 135.469346167000026, -0.734791135999956, 0.0 ], [ 135.470224704000088, -0.735797080999873, 0.0 ], [ 135.471407071000158, -0.737436472999889, 0.0 ], [ 135.472204729000055, -0.738784940999892, 0.0 ], [ 135.473469190000174, -0.739446966999878, 0.0 ], [ 135.475823448000142, -0.740437911999891, 0.0 ], [ 135.477947435000033, -0.740654914999936, 0.0 ], [ 135.480801265000082, -0.740913921999947, 0.0 ], [ 135.481948585000055, -0.741201352999894, 0.0 ], [ 135.484308775000045, -0.742580803999942, 0.0 ], [ 135.486014533000116, -0.74428981199992, 0.0 ], [ 135.488104472000117, -0.746661909999886, 0.0 ] ] ] } },
{ "type": "Feature", "properties": { "OID_": 1, "Shape_Leng": 0.04919021041, "Panjang": 5.45, "Status": "Jalan Kabupaten", "Kd_Inf": "010", "Nm_Ruas": "Sorendiweri - Duber", "Fungsi": "Lokal Primer", "Mendukung": "PKW Ling", "Ura_Dukung": "Penghubung desa", "Kd_Bd_PU": "02", "Kd_Jns_Inf": "01", "Kab_Kot": "Supiori", "Kecamatan": "Supiori Timur", "Desa_Kel": "Wayesi, Duber", "Km_Awal": "0+000", "Km_Akhir": "5+450", "Nm_Lintas": "-", "Jns_Pen": "Pemeliharaan", "Kd_Patok": "-", "Propinsi": "Papua", "Tk_Ruas_Aw": "Balai Kampung Waryesi", "Tk_Ruas_Ak": "TPU", "Kl_Dat_Das": "Jalan Non Tol", "Tipe_Keras": "Macadam", "Kon_Baik": 5.45, "Kon_Sdg": 0.0, "Kon_Rgn": 0.0, "Kon_Rusak": 0.0, "Kon_T_Mntp": 0.0, "Kon_Mntp": 5.45, "Koord_X_Aw": 135.753634318, "Koord_Y_Aw": -0.740780828, "Koord_X_Ak": 135.73342912499999, "Koord_Y_Ak": -0.779539212, "Lbr_Keras": 6.0, "LHRT": 50.0, "VCR": 0.0, "MST": 0.0, "Tanah_Kri": 0.0, "Macadam": 100.0, "Aspal": 0.0, "Rigid": 0.0, "Thn_Data": 2025, "Tipe_Jln": 2, "Thn_Pen_Ak": 2025 }, "geometry": { "type": "MultiLineString", "coordinates": [ [ [ 135.753634318000081, -0.74078082799997, 0.0 ], [ 135.753596961000085, -0.740810482999962, 0.0 ], [ 135.753589726000087, -0.740823345999956, 0.0 ], [ 135.752808260000052, -0.74153817499996, 0.0 ], [ 135.752226705000112, -0.742156077999937, 0.0 ], [ 135.750706179000076, -0.742895137999938, 0.0 ], [ 135.748864585000092, -0.744015844999979, 0.0 ], [ 135.747531853000055, -0.745003277999956, 0.0 ], [ 135.74652018800009, -0.745802916999935, 0.0 ], [ 135.746077964000051, -0.746269372999961, 0.0 ], [ 135.744708884000033, -0.748165487999927, 0.0 ], [ 135.743351921000112, -0.750073717999953, 0.0 ], [ 135.742776423, -0.750873356999932, 0.0 ], [ 135.742279677000056, -0.751255002999926, 0.0 ], [ 135.741425517000039, -0.751800210999932, 0.0 ], [ 135.73992316500005, -0.752805817999956, 0.0 ], [ 135.738420812000072, -0.753769019999936, 0.0 ], [ 135.738081571000066, -0.754144607999933, 0.0 ], [ 135.737863488000016, -0.754320286999928, 0.0 ], [ 135.737808967000092, -0.75450202299993, 0.0 ], [ 135.737639346000037, -0.754865494999933, 0.0 ], [ 135.737397032000104, -0.75510780999997, 0.0 ], [ 135.736397483000019, -0.755913506999946, 0.0 ], [ 135.735967374000097, -0.75629515299994, 0.0 ], [ 135.735700827000073, -0.756725261999975, 0.0 ], [ 135.735434281000039, -0.757724810999946, 0.0 ], [ 135.735113213000091, -0.758633491999944, 0.0 ], [ 135.734622526000067, -0.759657272999959, 0.0 ], [ 135.73425299500002, -0.760572011999955, 0.0 ], [ 135.734053086000017, -0.761474634999956, 0.0 ], [ 135.733780481000053, -0.76340709599998, 0.0 ], [ 135.733459414000095, -0.76507301099997, 0.0 ], [ 135.733162578000019, -0.766817678999928, 0.0 ], [ 135.732677949000049, -0.768513882999969, 0.0 ], [ 135.732556791000093, -0.769374100999926, 0.0 ], [ 135.73232053400011, -0.770034408999948, 0.0 ], [ 135.731914657000061, -0.771167230999936, 0.0 ], [ 135.731987351000043, -0.77455963999995, 0.0 ], [ 135.732041872000082, -0.775565246999975, 0.0 ], [ 135.73210850800001, -0.775837851999938, 0.0 ], [ 135.732375055000034, -0.776655663999975, 0.0 ], [ 135.73271429600004, -0.777733965999971, 0.0 ], [ 135.732944495000083, -0.778242826999929, 0.0 ], [ 135.733429125000043, -0.779539211999975, 0.0 ] ] ] } },
{ "type": "Feature", "properties": { "OID_": 1, "Shape_Leng": 0.09152662966, "Panjang": 10.2, "Status": "Jalan Kabupaten", "Kd_Inf": "006", "Nm_Ruas": "Yendoker - Korido", "Fungsi": "Kolektor Primer", "Mendukung": "PKW", "Ura_Dukung": "Menuju ibu kota kabupaten", "Kd_Bd_PU": "02", "Kd_Jns_Inf": "01", "Kab_Kot": "Supiori", "Kecamatan": "Supiori Selatan", "Desa_Kel": "Wombonda, Warbefondi", "Km_Awal": "0+000", "Km_Akhir": "10+200", "Nm_Lintas": "-", "Jns_Pen": "Pemeliharaan", "Kd_Patok": "-", "Propinsi": "Papua", "Tk_Ruas_Aw": "Jalan Korido - Kanbesasu", "Tk_Ruas_Ak": "Jalan Wakre - Yendoker", "Kl_Dat_Das": "Jalan Non Tol", "Tipe_Keras": "Macadam", "Kon_Baik": 1.0, "Kon_Sdg": 1.5, "Kon_Rgn": 3.0, "Kon_Rusak": 4.7, "Kon_T_Mntp": 7.7, "Kon_Mntp": 2.5, "Koord_X_Aw": 135.655817963, "Koord_Y_Aw": -0.86977797, "Koord_X_Ak": 135.59444090299999, "Koord_Y_Ak": -0.8355722135, "Lbr_Keras": 6.0, "LHRT": 30.0, "VCR": 0.0, "MST": 0.0, "Tanah_Kri": 0.0, "Macadam": 100.0, "Aspal": 0.0, "Rigid": 0.0, "Thn_Data": 2025, "Tipe_Jln": 2, "Thn_Pen_Ak": 2025 }, "geometry": { "type": "MultiLineString", "coordinates": [ [ [ 135.655817963000118, -0.869777969999973, 0.0 ], [ 135.655521218000104, -0.87015977599998, 0.0 ], [ 135.655012879000083, -0.87077069299994, 0.0 ], [ 135.654707976000054, -0.871179261999941, 0.0 ], [ 135.654290046000028, -0.871731944999965, 0.0 ], [ 135.653847288000065, -0.872260065999967, 0.0 ], [ 135.653376968000089, -0.872911622999936, 0.0 ], [ 135.652963933000024, -0.873532094999973, 0.0 ], [ 135.65264881600001, -0.873916695999981, 0.0 ], [ 135.652436451000085, -0.874160194999945, 0.0 ], [ 135.652303310000093, -0.874236420999978, 0.0 ], [ 135.652172202000088, -0.87426691099995, 0.0 ], [ 135.652030930000024, -0.874285204999978, 0.0 ], [ 135.65193539400002, -0.87428418899998, 0.0 ], [ 135.651851038000018, -0.874274024999977, 0.0 ], [ 135.651758551000057, -0.87421812599996, 0.0 ], [ 135.651685374000067, -0.874123605999955, 0.0 ], [ 135.651610165000079, -0.874024004999967, 0.0 ], [ 135.651532923000104, -0.873978269999952, 0.0 ], [ 135.651436370000056, -0.873974203999978, 0.0 ], [ 135.651326605, -0.87402197199998, 0.0 ], [ 135.651167039000029, -0.87399757999998, 0.0 ], [ 135.651048127000081, -0.873941680999963, 0.0 ], [ 135.650943444000063, -0.873889847999976, 0.0 ], [ 135.650869251000017, -0.873883749999948, 0.0 ], [ 135.650749323000014, -0.873912206999933, 0.0 ], [ 135.650660901000037, -0.873900010999932, 0.0 ], [ 135.650593822000019, -0.873806507999973, 0.0 ], [ 135.650518613000031, -0.873493473999929, 0.0 ], [ 135.650427142000012, -0.873366430999965, 0.0 ], [ 135.650306197000077, -0.873262763999946, 0.0 ], [ 135.650212694000061, -0.873260731999949, 0.0 ], [ 135.6501202070001, -0.873305450999965, 0.0 ], [ 135.649733996, -0.873591042999976, 0.0 ], [ 135.649502270000085, -0.873733330999926, 0.0 ], [ 135.649376244000109, -0.87379634399997, 0.0 ], [ 135.648972756000035, -0.873930500999961, 0.0 ], [ 135.648352787000022, -0.874120556999969, 0.0 ], [ 135.648039754000024, -0.874226256999975, 0.0 ], [ 135.647660658000063, -0.87436447999994, 0.0 ], [ 135.647466536000024, -0.874441721999972, 0.0 ], [ 135.647281562000103, -0.874494570999957, 0.0 ], [ 135.647142323000025, -0.874517946999958, 0.0 ], [ 135.647032558000092, -0.87452404499993, 0.0 ], [ 135.646912630000088, -0.874512865999975, 0.0 ], [ 135.646614842000076, -0.87441834599997, 0.0 ], [ 135.646370919000105, -0.87430858099998, 0.0 ], [ 135.646150373000069, -0.874155112999972, 0.0 ], [ 135.645890189000056, -0.873853258999929, 0.0 ], [ 135.64585055200007, -0.87378414799997, 0.0 ], [ 135.645820062000098, -0.873668284999951, 0.0 ], [ 135.64580684900011, -0.873580879999963, 0.0 ], [ 135.645825143000025, -0.873328826999966, 0.0 ], [ 135.645875961000115, -0.873130639999943, 0.0 ], [ 135.645946088000073, -0.872949730999949, 0.0 ], [ 135.64608837600008, -0.87265499199998, 0.0 ], [ 135.646230664000086, -0.872277928999949, 0.0 ], [ 135.646441047000053, -0.871797198999957, 0.0 ], [ 135.646561992000102, -0.871481115999927, 0.0 ], [ 135.646587400000044, -0.871371350999937, 0.0 ], [ 135.646582319000117, -0.871273781999946, 0.0 ], [ 135.646568090000073, -0.871175196999957, 0.0 ], [ 135.64646747200004, -0.871047137999938, 0.0 ], [ 135.646351609000021, -0.870933307999962, 0.0 ], [ 135.646119883000097, -0.870720891999952, 0.0 ], [ 135.645966415000089, -0.870615191999946, 0.0 ], [ 135.645867830000043, -0.870560309999973, 0.0 ], [ 135.645746885000108, -0.870543031999944, 0.0 ], [ 135.64563712000006, -0.870550145999971, 0.0 ], [ 135.645518208000112, -0.870602995999946, 0.0 ], [ 135.645246845000088, -0.870793051999954, 0.0 ], [ 135.645120818, -0.870861146999971, 0.0 ], [ 135.64501511900005, -0.870895702999974, 0.0 ], [ 135.644856569000012, -0.870902816999944, 0.0 ], [ 135.644768147000036, -0.870886555999959, 0.0 ], [ 135.644298597000102, -0.870744267999953, 0.0 ], [ 135.644086182000024, -0.870695482999963, 0.0 ], [ 135.643838194000068, -0.870623322999961, 0.0 ], [ 135.64368980800009, -0.870609093999974, 0.0 ], [ 135.643579027000101, -0.870607061999976, 0.0 ], [ 135.643443853, -0.870606044999931, 0.0 ], [ 135.643310712000016, -0.870584701999974, 0.0 ], [ 135.643196882000098, -0.870551162999959, 0.0 ], [ 135.643030202000091, -0.870510508999928, 0.0 ], [ 135.642755789000034, -0.870409890999952, 0.0 ], [ 135.642461050000065, -0.870340779999935, 0.0 ], [ 135.642302501000017, -0.870325534999949, 0.0 ], [ 135.642171392000023, -0.87033773099995, 0.0 ], [ 135.641963042000043, -0.870400743999937, 0.0 ], [ 135.641777052000066, -0.87044038199997, 0.0 ], [ 135.641638829000044, -0.870449528999927, 0.0 ], [ 135.641381694000074, -0.87042310399994, 0.0 ], [ 135.641122527000107, -0.870405825999967, 0.0 ], [ 135.640940602000114, -0.87040379299998, 0.0 ], [ 135.640609274000099, -0.870408874999953, 0.0 ], [ 135.640360270000087, -0.870399727999938, 0.0 ], [ 135.640164116000051, -0.870372286999952, 0.0 ], [ 135.639792135000107, -0.870284880999975, 0.0 ], [ 135.639579719000039, -0.870203573999959, 0.0 ], [ 135.639440480000076, -0.87015377299997, 0.0 ], [ 135.639149806000091, -0.869946438999932, 0.0 ], [ 135.638988208000114, -0.869800085999941, 0.0 ], [ 135.63889572100004, -0.86970759899998, 0.0 ], [ 135.638840838000078, -0.869590718999973, 0.0 ], [ 135.638783923000119, -0.869420989999981, 0.0 ], [ 135.638763596000103, -0.869223819999945, 0.0 ], [ 135.638736155000061, -0.869108972999925, 0.0 ], [ 135.638712779000116, -0.86904900899998, 0.0 ], [ 135.638630455000111, -0.868966684999975, 0.0 ], [ 135.638518658000066, -0.868909769999959, 0.0 ], [ 135.638321487000098, -0.868834559999925, 0.0 ], [ 135.638115170000106, -0.868761383999924, 0.0 ], [ 135.637917999000024, -0.868714631999978, 0.0 ], [ 135.637737090000087, -0.868703451999977, 0.0 ], [ 135.63749215200005, -0.868740040999967, 0.0 ], [ 135.637136432000034, -0.868821347999926, 0.0 ], [ 135.636879297000064, -0.868869115999928, 0.0 ], [ 135.636703470000043, -0.868876229999955, 0.0 ], [ 135.636555084000065, -0.868875213999956, 0.0 ], [ 135.636367061000101, -0.868839641999955, 0.0 ], [ 135.636199364000049, -0.868796955999926, 0.0 ], [ 135.635988981000082, -0.868670928999961, 0.0 ], [ 135.635896494, -0.868484938999927, 0.0 ], [ 135.635841612000036, -0.868358911999962, 0.0 ], [ 135.635769451000101, -0.868261342999972, 0.0 ], [ 135.635699324000029, -0.868200362999971, 0.0 ], [ 135.635457434000045, -0.868087548999938, 0.0 ], [ 135.635317179000026, -0.868038763999948, 0.0 ], [ 135.635189120000064, -0.867996077999976, 0.0 ], [ 135.635035652000056, -0.867960505999974, 0.0 ], [ 135.634876086000077, -0.867930015999946, 0.0 ], [ 135.634790714000019, -0.86790968899993, 0.0 ], [ 135.634634197000082, -0.867840577999971, 0.0 ], [ 135.634421781000015, -0.867716583999936, 0.0 ], [ 135.634012195000082, -0.86740761599998, 0.0 ], [ 135.633838401000048, -0.867239918999928, 0.0 ], [ 135.633757093000099, -0.867134219999969, 0.0 ], [ 135.633593462000022, -0.866879117999929, 0.0 ], [ 135.633353605000025, -0.866466482999954, 0.0 ], [ 135.633215383000106, -0.866229674999943, 0.0 ], [ 135.633099520000087, -0.866019291999976, 0.0 ], [ 135.632945036000024, -0.865728617999935, 0.0 ], [ 135.63283527100009, -0.865438959999949, 0.0 ], [ 135.632607610000036, -0.864940952999973, 0.0 ], [ 135.632486665000101, -0.864684833999945, 0.0 ], [ 135.632263070000022, -0.864403306999975, 0.0 ], [ 135.632123831000058, -0.864245773999926, 0.0 ], [ 135.631949020000093, -0.864155319999952, 0.0 ], [ 135.631816896000032, -0.864072995999948, 0.0 ], [ 135.631739654000057, -0.863994737999974, 0.0 ], [ 135.63160549600002, -0.863833138999951, 0.0 ], [ 135.631487601000117, -0.863689834999946, 0.0 ], [ 135.631283316, -0.863526203999925, 0.0 ], [ 135.63104752400011, -0.863380866999933, 0.0 ], [ 135.630790390000016, -0.863249758999928, 0.0 ], [ 135.630507847000104, -0.863121699999965, 0.0 ], [ 135.630403163000096, -0.863032260999944, 0.0 ], [ 135.630170421000116, -0.862815780999938, 0.0 ], [ 135.630018986000096, -0.862694835999946, 0.0 ], [ 135.629832995000015, -0.862499697999965, 0.0 ], [ 135.62971713200011, -0.862341148999974, 0.0 ], [ 135.629616514000077, -0.862237481999955, 0.0 ], [ 135.629473210000015, -0.862140928999963, 0.0 ], [ 135.629263843000103, -0.862035229999947, 0.0 ], [ 135.629150013000071, -0.861980346999928, 0.0 ], [ 135.629002643000035, -0.861862450999979, 0.0 ], [ 135.628778032000014, -0.861691705999931, 0.0 ], [ 135.628509717000043, -0.861412211999948, 0.0 ], [ 135.628420279000011, -0.861320740999929, 0.0 ], [ 135.62837657700004, -0.861242481999966, 0.0 ], [ 135.628345070000023, -0.861164223999936, 0.0 ], [ 135.628372511000066, -0.860978232999969, 0.0 ], [ 135.628481260000058, -0.860487339999963, 0.0 ], [ 135.628493456000115, -0.860307446999968, 0.0 ], [ 135.628583910000089, -0.859787079999933, 0.0 ], [ 135.628592041000047, -0.859707804999971, 0.0 ], [ 135.628554436000059, -0.859608203999926, 0.0 ], [ 135.628419263000069, -0.859394771999973, 0.0 ], [ 135.628055412000094, -0.858991283999956, 0.0 ], [ 135.627775918000111, -0.85868942999997, 0.0 ], [ 135.627607205000118, -0.858484128999976, 0.0 ], [ 135.627434427000026, -0.858335742999941, 0.0 ], [ 135.627285025000106, -0.858241222999936, 0.0 ], [ 135.627177292000056, -0.858121294999933, 0.0 ], [ 135.627072609000038, -0.857982055999969, 0.0 ], [ 135.626954713000032, -0.857749312999943, 0.0 ], [ 135.626803278000011, -0.857520635999947, 0.0 ], [ 135.626678268000092, -0.857365135999942, 0.0 ], [ 135.626470934000054, -0.857135442999947, 0.0 ], [ 135.626293075000035, -0.856918961999952, 0.0 ], [ 135.626155868000069, -0.856738052999958, 0.0 ], [ 135.626030858000036, -0.856606944999953, 0.0 ], [ 135.625872309000101, -0.856483966999974, 0.0 ], [ 135.625656844000105, -0.856346760999941, 0.0 ], [ 135.6252147350001, -0.856048972999929, 0.0 ], [ 135.624980976000074, -0.855879242999947, 0.0 ], [ 135.624802100000011, -0.855696301999956, 0.0 ], [ 135.624480936000054, -0.855371071999969, 0.0 ], [ 135.624175017000084, -0.855036695999956, 0.0 ], [ 135.624014435000049, -0.854858835999948, 0.0 ], [ 135.623915850000117, -0.854747037999971, 0.0 ], [ 135.623779660000082, -0.854638288999979, 0.0 ], [ 135.623661764000076, -0.854541736999977, 0.0 ], [ 135.623439185000052, -0.854389284999968, 0.0 ], [ 135.623230835000072, -0.854244964999964, 0.0 ], [ 135.623082449000094, -0.854094545999942, 0.0 ], [ 135.622822265000082, -0.853821149999931, 0.0 ], [ 135.622716565000019, -0.853671747999954, 0.0 ], [ 135.622563098000114, -0.853404449999971, 0.0 ], [ 135.622377107000034, -0.853066007999928, 0.0 ], [ 135.622265309000113, -0.85289322899996, 0.0 ], [ 135.622134201000108, -0.852761104999956, 0.0 ], [ 135.62185877200011, -0.852436891999957, 0.0 ], [ 135.621554886000013, -0.85213097299993, 0.0 ], [ 135.621283523000102, -0.851887049999959, 0.0 ], [ 135.621128022000107, -0.851757974999941, 0.0 ], [ 135.620844463000026, -0.851592310999933, 0.0 ], [ 135.620610704000114, -0.851487627999973, 0.0 ], [ 135.620159448000095, -0.851295538999977, 0.0 ], [ 135.619373815000017, -0.850939818999962, 0.0 ], [ 135.619108550000078, -0.850857494999957, 0.0 ], [ 135.618667457000015, -0.850761958999954, 0.0 ], [ 135.618508908000081, -0.850724354999954, 0.0 ], [ 135.618406257000061, -0.850653210999951, 0.0 ], [ 135.61832799900003, -0.850538363999931, 0.0 ], [ 135.618181646000039, -0.850259885999947, 0.0 ], [ 135.618138959000021, -0.850111499999969, 0.0 ], [ 135.618160302000092, -0.849885871999959, 0.0 ], [ 135.61821111900008, -0.849594181999976, 0.0 ], [ 135.61821111900008, -0.849321801999963, 0.0 ], [ 135.61820298900011, -0.849150039999927, 0.0 ], [ 135.618120665000106, -0.848995555999977, 0.0 ], [ 135.618031227000074, -0.848901035999972, 0.0 ], [ 135.617773076000049, -0.848648982999975, 0.0 ], [ 135.617688719000057, -0.84851787499997, 0.0 ], [ 135.617576922000012, -0.848298344999932, 0.0 ], [ 135.617512892000036, -0.848064585999964, 0.0 ], [ 135.617466140000033, -0.847818631999928, 0.0 ], [ 135.617411258000061, -0.847568610999929, 0.0 ], [ 135.617366539000045, -0.847431404999952, 0.0 ], [ 135.617282182000054, -0.847247446999972, 0.0 ], [ 135.617058587000088, -0.846850056999926, 0.0 ], [ 135.616925446000096, -0.846558366999943, 0.0 ], [ 135.616814665000106, -0.846353065999949, 0.0 ], [ 135.616650017000097, -0.846122355999967, 0.0 ], [ 135.616473174000021, -0.84593839799993, 0.0 ], [ 135.616296330000068, -0.845775782999965, 0.0 ], [ 135.61601582000003, -0.845437340999979, 0.0 ], [ 135.615843042000051, -0.845176140999968, 0.0 ], [ 135.615684492000014, -0.844841764999956, 0.0 ], [ 135.615620463000027, -0.844651708999947, 0.0 ], [ 135.615548302000093, -0.844501289999926, 0.0 ], [ 135.615464962000033, -0.844379328999935, 0.0 ], [ 135.615301331000069, -0.844264481999971, 0.0 ], [ 135.614921219000053, -0.844122193999965, 0.0 ], [ 135.614717951000102, -0.844034788999977, 0.0 ], [ 135.614376459000027, -0.84390063099994, 0.0 ], [ 135.613619284000038, -0.843529665999938, 0.0 ], [ 135.613331659000096, -0.843375181999932, 0.0 ], [ 135.613093835000086, -0.843178011999953, 0.0 ], [ 135.612817390000032, -0.842885304999925, 0.0 ], [ 135.612697462000028, -0.842751147999934, 0.0 ], [ 135.612535863000062, -0.84264849799996, 0.0 ], [ 135.612344791000055, -0.842586500999971, 0.0 ], [ 135.612188274000118, -0.842602761999956, 0.0 ], [ 135.611899633, -0.842687118999947, 0.0 ], [ 135.611593714000037, -0.842818226999952, 0.0 ], [ 135.611461589000101, -0.84292290999997, 0.0 ], [ 135.611345726000081, -0.842960514999959, 0.0 ], [ 135.61050419500009, -0.843102802999965, 0.0 ], [ 135.610407642000041, -0.843110932999934, 0.0 ], [ 135.610273485000107, -0.843105851999951, 0.0 ], [ 135.610127132000116, -0.843080442999963, 0.0 ], [ 135.61000415400008, -0.843026576999932, 0.0 ], [ 135.609883210000021, -0.842943236999929, 0.0 ], [ 135.609414676000029, -0.84258751699997, 0.0 ], [ 135.609053874000097, -0.84230802299993, 0.0 ], [ 135.608834344000115, -0.842126097999937, 0.0 ], [ 135.608655468000052, -0.84201429999996, 0.0 ], [ 135.608528425000031, -0.84197262999993, 0.0 ], [ 135.608331255000053, -0.841951286999972, 0.0 ], [ 135.607999927000037, -0.84185473399998, 0.0 ], [ 135.607727547000081, -0.841808998999966, 0.0 ], [ 135.60752732800006, -0.841761230999964, 0.0 ], [ 135.60721124500003, -0.84166162899993, 0.0 ], [ 135.606968339000105, -0.841576255999939, 0.0 ], [ 135.6068372310001, -0.841545765999967, 0.0 ], [ 135.606649208000022, -0.84153865199994, 0.0 ], [ 135.606448988000011, -0.841571174999956, 0.0 ], [ 135.606145102000028, -0.841633170999955, 0.0 ], [ 135.605887967000058, -0.841675857999974, 0.0 ], [ 135.605578999000045, -0.841716511999948, 0.0 ], [ 135.605250721000061, -0.841770377999978, 0.0 ], [ 135.605018995000023, -0.841843553999979, 0.0 ], [ 135.604633801000091, -0.841962465999927, 0.0 ], [ 135.604177463000042, -0.842081378999978, 0.0 ], [ 135.604118515000096, -0.842080361999933, 0.0 ], [ 135.604058551000094, -0.842044789999932, 0.0 ], [ 135.603976227000089, -0.841970596999943, 0.0 ], [ 135.60378210600004, -0.841732772999933, 0.0 ], [ 135.603661161000105, -0.841617925999969, 0.0 ], [ 135.60354936300007, -0.841528487999938, 0.0 ], [ 135.603469072000053, -0.841434984999978, 0.0 ], [ 135.603428419000011, -0.841322170999945, 0.0 ], [ 135.603390814000022, -0.841174800999966, 0.0 ], [ 135.60333593200005, -0.841047757999945, 0.0 ], [ 135.603333899000063, -0.84096543499993, 0.0 ], [ 135.603412157000093, -0.840729642999975, 0.0 ], [ 135.60350057900007, -0.840408478999962, 0.0 ], [ 135.603694700000119, -0.840057840999975, 0.0 ], [ 135.603756697000108, -0.839895225999953, 0.0 ], [ 135.603812596000012, -0.839685858999928, 0.0 ], [ 135.603834956000014, -0.839597437999942, 0.0 ], [ 135.603833939000083, -0.839449051999964, 0.0 ], [ 135.603737387000024, -0.83921935799998, 0.0 ], [ 135.603518873000098, -0.838955108999926, 0.0 ], [ 135.603263771000115, -0.838660369999957, 0.0 ], [ 135.602926346000118, -0.838458117999949, 0.0 ], [ 135.602454763000082, -0.838222325999936, 0.0 ], [ 135.601905938000073, -0.837941815999955, 0.0 ], [ 135.600977001000047, -0.837522065999963, 0.0 ], [ 135.600591807000114, -0.837407219999932, 0.0 ], [ 135.600331623000102, -0.837377745999959, 0.0 ], [ 135.599949479000088, -0.837392990999945, 0.0 ], [ 135.599836665000112, -0.837366565999957, 0.0 ], [ 135.59972283400009, -0.837325911999926, 0.0 ], [ 135.599623233000102, -0.837252735999925, 0.0 ], [ 135.599543958000027, -0.837165329999948, 0.0 ], [ 135.599461634000022, -0.836955963999969, 0.0 ], [ 135.599399637000033, -0.836623619999955, 0.0 ], [ 135.599388458000021, -0.836252654999953, 0.0 ], [ 135.599362033000034, -0.83594876799998, 0.0 ], [ 135.599324428000045, -0.835729237999942, 0.0 ], [ 135.599300036000045, -0.835642848999953, 0.0 ], [ 135.599248202000012, -0.835522920999949, 0.0 ], [ 135.599210598000013, -0.835450759999958, 0.0 ], [ 135.59907135900005, -0.83530948899994, 0.0 ], [ 135.598790848000021, -0.835075729999971, 0.0 ], [ 135.598561155000084, -0.834871444999976, 0.0 ], [ 135.598429030000034, -0.834715944999971, 0.0 ], [ 135.598336543000073, -0.834639718999938, 0.0 ], [ 135.598225762000084, -0.834577721999949, 0.0 ], [ 135.597980823000057, -0.834416123999972, 0.0 ], [ 135.597809061000021, -0.834353110999928, 0.0 ], [ 135.597744015000103, -0.834321603999967, 0.0 ], [ 135.597626120000086, -0.834311440999954, 0.0 ], [ 135.597558025000012, -0.834350061999942, 0.0 ], [ 135.597428949000118, -0.83447913699996, 0.0 ], [ 135.597196207000025, -0.834885673999963, 0.0 ], [ 135.59691569600011, -0.835441612999944, 0.0 ], [ 135.596811013000092, -0.835687567999969, 0.0 ], [ 135.596741902000076, -0.835825790999934, 0.0 ], [ 135.596691085000089, -0.835906081999951, 0.0 ], [ 135.596665676000043, -0.835929457999953, 0.0 ], [ 135.596611810000013, -0.835951816999966, 0.0 ], [ 135.596567091000111, -0.835949784999968, 0.0 ], [ 135.596515257000078, -0.835921326999937, 0.0 ], [ 135.596405492000031, -0.835886770999934, 0.0 ], [ 135.596178848000022, -0.835798349999948, 0.0 ], [ 135.595860733000109, -0.835650979999969, 0.0 ], [ 135.59571539600006, -0.83555950899995, 0.0 ], [ 135.595491801000094, -0.835472103999962, 0.0 ], [ 135.59522043700008, -0.83542433599996, 0.0 ], [ 135.595079166000119, -0.835406040999942, 0.0 ], [ 135.594839309, -0.835427384999946, 0.0 ], [ 135.594577092, -0.835507675999963, 0.0 ], [ 135.594440902500025, -0.835572213499944, 0.0 ] ] ] } },
{ "type": "Feature", "properties": { "OID_": 1, "Shape_Leng": 0.5, "Panjang": 0.5, "Status": "Jalan Kabupaten", "Kd_Inf": "013", "Nm_Ruas": "Sawabas - Marsambo", "Fungsi": "Lingkungan Primer", "Mendukung": "PKL", "Ura_Dukung": "Akses kampung", "Kd_Bd_PU": "02", "Kd_Jns_Inf": "01", "Kab_Kot": "Supiori", "Kecamatan": "Supiori Timur", "Desa_Kel": "Sauyas", "Km_Awal": "0+000", "Km_Akhir": "0+500", "Nm_Lintas": "-", "Jns_Pen": "Pemeliharaan", "Kd_Patok": "-", "Propinsi": "Papua", "Tk_Ruas_Aw": "Pantai Sawabas", "Tk_Ruas_Ak": "Kompleks HAMAS", "Kl_Dat_Das": "Jalan Non Tol", "Tipe_Keras": "Macadam", "Kon_Baik": 0.5, "Kon_Sdg": 0.0, "Kon_Rgn": 0.0, "Kon_Rusak": 0.0, "Kon_T_Mntp": 0.0, "Kon_Mntp": 0.5, "Koord_X_Aw": 135.72236139099999, "Koord_Y_Aw": -0.711139768, "Koord_X_Ak": 135.725007799, "Koord_Y_Ak": -0.71560001150999997, "Lbr_Keras": 5.0, "LHRT": 50.0, "VCR": 0.0, "MST": 0.0, "Tanah_Kri": 0.0, "Macadam": 100.0, "Aspal": 0.0, "Rigid": 0.0, "Thn_Data": 2025, "Tipe_Jln": 2, "Thn_Pen_Ak": 2025 }, "geometry": { "type": "MultiLineString", "coordinates": [ [ [ 135.722361391000049, -0.711139767999953, 0.0 ], [ 135.722179655000105, -0.71173949699994, 0.0 ], [ 135.72187676100009, -0.712272589999884, 0.0 ], [ 135.721773777000067, -0.712648177999881, 0.0 ], [ 135.721634446000053, -0.712848087999873, 0.0 ], [ 135.721589012000209, -0.712935926999876, 0.0 ], [ 135.72154157500006, -0.713151606999872, 0.0 ], [ 135.72157333600012, -0.713270709999961, 0.0 ], [ 135.721657502000198, -0.713415220999934, 0.0 ], [ 135.721852830000103, -0.713551791999976, 0.0 ], [ 135.722137088000068, -0.713677246999964, 0.0 ], [ 135.722422935000168, -0.713751883999976, 0.0 ], [ 135.722780242000113, -0.713736003999941, 0.0 ], [ 135.723140726000111, -0.713791584999967, 0.0 ], [ 135.723529795000104, -0.713869398999918, 0.0 ], [ 135.72389663100023, -0.714061550999929, 0.0 ], [ 135.724149129000011, -0.714229882999916, 0.0 ], [ 135.724234883, -0.714301344999967, 0.0 ], [ 135.7244508550001, -0.714649123999891, 0.0 ], [ 135.724604895000198, -0.714834923999888, 0.0 ], [ 135.72495188500011, -0.715480956999954, 0.0 ], [ 135.725007798579441, -0.715600011507319, 0.0 ] ] ] } },
{ "type": "Feature", "properties": { "OID_": 1, "Shape_Leng": 0.0, "Panjang": 14.6, "Status": "Jalan Kabupaten", "Kd_Inf": "015", "Nm_Ruas": "SMK Marsram - Dermaga Kayu", "Fungsi": "Lingkungan Primer", "Mendukung": "PKL", "Ura_Dukung": "Akses dermaga", "Kd_Bd_PU": "02", "Kd_Jns_Inf": "01", "Kab_Kot": "Supiori", "Kecamatan": "Supiori Timur", "Desa_Kel": "Marsram", "Km_Awal": "0+000", "Km_Akhir": "14+600", "Nm_Lintas": "-", "Jns_Pen": "Pemeliharaan", "Kd_Patok": "-", "Propinsi": "Papua", "Tk_Ruas_Aw": "Asrama Taruna SMK Negeri 1 Supiori", "Tk_Ruas_Ak": "Dermaga", "Kl_Dat_Das": "Jalan Non Tol", "Tipe_Keras": "Macadam", "Kon_Baik": 0.0, "Kon_Sdg": 0.0, "Kon_Rgn": 0.0, "Kon_Rusak": 14.6, "Kon_T_Mntp": 14.6, "Kon_Mntp": 0.0, "Koord_X_Aw": 135.707933, "Koord_Y_Aw": -0.78672415151999997, "Koord_X_Ak": 135.71154052700001, "Koord_Y_Ak": -0.78865542873000005, "Lbr_Keras": 5.0, "LHRT": 30.0, "VCR": 0.0, "MST": 0.0, "Tanah_Kri": 0.0, "Macadam": 100.0, "Aspal": 0.0, "Rigid": 0.0, "Thn_Data": 2025, "Tipe_Jln": 2, "Thn_Pen_Ak": 2025 }, "geometry": { "type": "MultiLineString", "coordinates": [ [ [ 135.707932999769355, -0.786724151518532, 0.0 ], [ 135.709451578849638, -0.786558105863688, 0.0 ] ], [ [ 135.708851453955617, -0.78662372518653, 0.0 ], [ 135.708835129694307, -0.786484442128142, 0.0 ], [ 135.708870023042778, -0.786290590192493, 0.0 ], [ 135.709106522404227, -0.786267327960218, 0.0 ], [ 135.709246095797994, -0.786267327960218, 0.0 ], [ 135.709293767636751, -0.786575361380063, 0.0 ] ], [ [ 135.708749077376524, -0.786634919326119, 0.0 ], [ 135.708889408236359, -0.788209724355227, 0.0 ] ], [ [ 135.708055280776506, -0.787572368991104, 0.0 ], [ 135.70945545588836, -0.787387792148138, 0.0 ], [ 135.709517488507913, -0.787391669186832, 0.0 ], [ 135.709563118271149, -0.78779428474553, 0.0 ] ], [ [ 135.708503291636021, -0.786661794221743, 0.0 ], [ 135.708574419964748, -0.78750393392779, 0.0 ] ], [ [ 135.708462496521292, -0.787518688136514, 0.0 ], [ 135.708477059029633, -0.787943677173928, 0.0 ] ], [ [ 135.708022344771223, -0.788006225205048, 0.0 ], [ 135.709563118271149, -0.78779428474553, 0.0 ] ], [ [ 135.708199419951058, -0.787981867702207, 0.0 ], [ 135.708252798479862, -0.788298120837908, 0.0 ], [ 135.708395007911236, -0.788307003351406, 0.0 ], [ 135.708889408236359, -0.78820972435517, 0.0 ] ], [ [ 135.709563118271149, -0.78779428474553, 0.0 ], [ 135.709912946456598, -0.787957716838889, 0.0 ], [ 135.710668969005496, -0.788337666632742, 0.0 ], [ 135.711467638980139, -0.788628444536187, 0.0 ], [ 135.711540527308216, -0.788655428725674, 0.0 ] ] ] } },
{ "type": "Feature", "properties": { "OID_": 1, "Shape_Leng": 0.01698210844, "Panjang": 16.9, "Status": "Jalan Kabupaten", "Kd_Inf": "014", "Nm_Ruas": "Karemkmur - Jhon Than", "Fungsi": "Lingkungan Primer", "Mendukung": "PKL", "Ura_Dukung": "Akses lingkungan", "Kd_Bd_PU": "02", "Kd_Jns_Inf": "01", "Kab_Kot": "Supiori", "Kecamatan": "Supiori Timur", "Desa_Kel": "Yamerma", "Km_Awal": "0+000", "Km_Akhir": "16+900", "Nm_Lintas": "-", "Jns_Pen": "Pemeliharaan", "Kd_Patok": "-", "Propinsi": "Papua", "Tk_Ruas_Aw": "Kantor Desa Yamernma", "Tk_Ruas_Ak": "Wisala Sultan Aminweri", "Kl_Dat_Das": "Jalan Non Tol", "Tipe_Keras": "Rigid", "Kon_Baik": 0.0, "Kon_Sdg": 0.0, "Kon_Rgn": 0.0, "Kon_Rusak": 16.9, "Kon_T_Mntp": 16.9, "Kon_Mntp": 0.0, "Koord_X_Aw": 135.680279152, "Koord_Y_Aw": -0.83347499074999998, "Koord_X_Ak": 135.681180076, "Koord_Y_Ak": -0.832158954, "Lbr_Keras": 5.0, "LHRT": 30.0, "VCR": 0.0, "MST": 0.0, "Tanah_Kri": 0.0, "Macadam": 0.0, "Aspal": 0.0, "Rigid": 100.0, "Thn_Data": 2025, "Tipe_Jln": 2, "Thn_Pen_Ak": 2025 }, "geometry": { "type": "MultiLineString", "coordinates": [ [ [ 135.680279152038224, -0.83347499075059, 0.0 ], [ 135.68013000000019, -0.83351259899996, 0.0 ], [ 135.679229270000064, -0.833688422999955, 0.0 ], [ 135.679063606000227, -0.833697569999913, 0.0 ], [ 135.678946727000039, -0.83366098099998, 0.0 ], [ 135.67887964900001, -0.833627441999965, 0.0 ], [ 135.678859322000221, -0.833575608999979, 0.0 ], [ 135.678830864000133, -0.833472957999902, 0.0 ], [ 135.678763785000228, -0.833144678999929, 0.0 ], [ 135.678712968000013, -0.832861119999905, 0.0 ], [ 135.678682478000155, -0.832549102999906, 0.0 ], [ 135.678667233000169, -0.832070405999957, 0.0 ], [ 135.678659039000081, -0.831914907999931, 0.0 ], [ 135.678659028000084, -0.831900190999875, 0.0 ] ], [ [ 135.682949035000092, -0.832648068999958, 0.0 ], [ 135.682904682000071, -0.832648068999958, 0.0 ], [ 135.682391747000111, -0.832565490999968, 0.0 ], [ 135.681921688000102, -0.83245274099994, 0.0 ], [ 135.68151991600007, -0.832320933999938, 0.0 ], [ 135.681322999000031, -0.832254235999926, 0.0 ], [ 135.681180076000032, -0.832158953999965, 0.0 ], [ 135.68115466800009, -0.832200242999932, 0.0 ], [ 135.680798948000074, -0.832611543999974, 0.0 ], [ 135.680687785000032, -0.832746526999927, 0.0 ], [ 135.680656025000076, -0.832892626999978, 0.0 ], [ 135.680621088000066, -0.833740636999948, 0.0 ], [ 135.680625852000048, -0.834475896999948, 0.0 ], [ 135.680629028000112, -0.834896726999943, 0.0 ], [ 135.68060997200007, -0.834988832999954, 0.0 ], [ 135.680571859000111, -0.83501741699996, 0.0 ], [ 135.680532158000119, -0.835025357999939, 0.0 ], [ 135.679971581000018, -0.835036473999935, 0.0 ], [ 135.679727024000044, -0.835044413999924, 0.0 ], [ 135.679568221000068, -0.835004712999933, 0.0 ], [ 135.679499935000081, -0.834945955999956, 0.0 ], [ 135.679455470000107, -0.834879257999944, 0.0 ], [ 135.679395125000042, -0.83476968399998, 0.0 ], [ 135.67924267300009, -0.834382202999961, 0.0 ], [ 135.679215677000116, -0.834186874999943, 0.0 ], [ 135.679191917000026, -0.833701957999949, 0.0 ], [ 135.679192053000065, -0.833690477999937, 0.0 ] ], [ [ 135.678916110045805, -0.831287459190276, 0.0 ], [ 135.678952578164854, -0.831300470764281, 0.0 ], [ 135.678969401752852, -0.831309775657192, 0.0 ], [ 135.679007190736399, -0.831322802507266, 0.0 ], [ 135.679052804000207, -0.831341934999955, 0.0 ], [ 135.67938902100002, -0.831456074999892, 0.0 ], [ 135.679511334000154, -0.83148970499991, 0.0 ], [ 135.679604274000212, -0.831521829999929, 0.0 ], [ 135.679919400000131, -0.831603091999909, 0.0 ], [ 135.68029841900011, -0.831667605999939, 0.0 ], [ 135.680473971000083, -0.831719713999973, 0.0 ], [ 135.680702872000097, -0.831790430999945, 0.0 ], [ 135.680833140000232, -0.831863628999884, 0.0 ], [ 135.680923708000137, -0.831934966999938, 0.0 ], [ 135.681050875000096, -0.832057791999944, 0.0 ], [ 135.68117126900006, -0.832153242999937, 0.0 ], [ 135.681180076000032, -0.832158953999965, 0.0 ] ] ] } },
{ "type": "Feature", "properties": { "OID_": 1, "Shape_Leng": 0.02858358785, "Panjang": 2.5, "Status": "Jalan Kabupaten", "Kd_Inf": "032", "Nm_Ruas": "Sapondi - Sowek", "Fungsi": "Lingkungan Primer", "Mendukung": "PKL", "Ura_Dukung": "Akses kampung", "Kd_Bd_PU": "02", "Kd_Jns_Inf": "01", "Kab_Kot": "Supiori", "Kecamatan": "Kepulauan Aruri", "Desa_Kel": "Manggonswan", "Km_Awal": "0+000", "Km_Akhir": "2+500", "Nm_Lintas": "-", "Jns_Pen": "Pemeliharaan", "Kd_Patok": "-", "Propinsi": "Papua", "Tk_Ruas_Aw": "Kantor Distrik Kep. Aruri", "Tk_Ruas_Ak": "Dermaga Manggonswan", "Kl_Dat_Das": "Jalan Non Tol", "Tipe_Keras": "Macadam", "Kon_Baik": 1.0, "Kon_Sdg": 0.0, "Kon_Rgn": 1.5, "Kon_Rusak": 0.0, "Kon_T_Mntp": 1.5, "Kon_Mntp": 1.0, "Koord_X_Aw": 135.499409872, "Koord_Y_Aw": -0.821363016, "Koord_X_Ak": 135.50605757899999, "Koord_Y_Ak": -0.82211048, "Lbr_Keras": 5.0, "LHRT": 30.0, "VCR": 0.0, "MST": 0.0, "Tanah_Kri": 0.0, "Macadam": 100.0, "Aspal": 0.0, "Rigid": 0.0, "Thn_Data": 2025, "Tipe_Jln": 2, "Thn_Pen_Ak": 2025 }, "geometry": { "type": "MultiLineString", "coordinates": [ [ [ 135.499409872000115, -0.821363015999964, 0.0 ], [ 135.49956807600006, -0.821308452999972, 0.0 ], [ 135.499746294000147, -0.821222540999884, 0.0 ], [ 135.499947693000195, -0.82110029099988, 0.0 ], [ 135.500116045000027, -0.821060735999879, 0.0 ], [ 135.500462998000103, -0.820991147999905, 0.0 ], [ 135.500530490000187, -0.820991858999889, 0.0 ], [ 135.500588899000036, -0.82101468399992, 0.0 ], [ 135.500635881000107, -0.821049807999884, 0.0 ], [ 135.500744180000083, -0.821157754999945, 0.0 ], [ 135.500833479000107, -0.821184009999968, 0.0 ], [ 135.500894077000112, -0.821183604999931, 0.0 ], [ 135.500990032000118, -0.821159053999963, 0.0 ], [ 135.501134431000082, -0.82112662499992, 0.0 ], [ 135.501356772000122, -0.821064368999942, 0.0 ], [ 135.50147084300022, -0.821039606999932, 0.0 ], [ 135.501584799000057, -0.820962153999915, 0.0 ], [ 135.501641454000037, -0.820908438999936, 0.0 ], [ 135.501686311000071, -0.820869321999965, 0.0 ], [ 135.501737900000194, -0.820851734999906, 0.0 ], [ 135.501780653000083, -0.820854728999905, 0.0 ], [ 135.501824360000114, -0.820871241999953, 0.0 ], [ 135.501870847000077, -0.820909429999915, 0.0 ], [ 135.501954599000101, -0.820950509999932, 0.0 ], [ 135.502057557000057, -0.820950676999928, 0.0 ], [ 135.502314413000022, -0.820903443999953, 0.0 ], [ 135.502601167000194, -0.820865770999944, 0.0 ], [ 135.502830846000052, -0.820845582999937, 0.0 ], [ 135.502928937000092, -0.820841816999916, 0.0 ], [ 135.503025087000083, -0.820859747999975, 0.0 ], [ 135.503160677000096, -0.820881708999934, 0.0 ], [ 135.503385370000046, -0.820887441999957, 0.0 ], [ 135.503440008000211, -0.820894718999909, 0.0 ], [ 135.503491667000048, -0.820920380999951, 0.0 ], [ 135.503531621000207, -0.821008609999922, 0.0 ], [ 135.503687141000114, -0.821315237999897, 0.0 ], [ 135.503835033000087, -0.821571887999937, 0.0 ], [ 135.50402005, -0.821856563999916, 0.0 ], [ 135.504121855000221, -0.822106536999911, 0.0 ], [ 135.504216755000016, -0.822408848999885, 0.0 ], [ 135.504302780000103, -0.822639756999877, 0.0 ], [ 135.504425964000234, -0.822849953999878, 0.0 ], [ 135.504547378000098, -0.823007979999886, 0.0 ], [ 135.504562370000144, -0.823022199999912, 0.0 ], [ 135.504587218000097, -0.823043518999896, 0.0 ], [ 135.504631546000041, -0.823056201999975, 0.0 ], [ 135.504675496000118, -0.823042094999892, 0.0 ], [ 135.504748178000227, -0.823005911999928, 0.0 ], [ 135.505003075000104, -0.822781480999879, 0.0 ], [ 135.505403429000012, -0.822532653999929, 0.0 ], [ 135.505853009000134, -0.822251705999975, 0.0 ], [ 135.506225639000036, -0.821994458999882, 0.0 ], [ 135.506447263000041, -0.821858974999941, 0.0 ], [ 135.50695061600004, -0.821508122999887, 0.0 ], [ 135.507236198000214, -0.821298094999918, 0.0 ], [ 135.507323057, -0.821237479999979, 0.0 ], [ 135.507359860000179, -0.821194699999978, 0.0 ], [ 135.507371550000016, -0.821156499999915, 0.0 ], [ 135.507379382000181, -0.821083871999974, 0.0 ], [ 135.507360490000224, -0.821025781999936, 0.0 ], [ 135.507280598000193, -0.820824954999921, 0.0 ], [ 135.507101465000119, -0.820348626999873, 0.0 ], [ 135.507034684000018, -0.820280422999929, 0.0 ], [ 135.506938545000025, -0.820209035999937, 0.0 ], [ 135.506561244000181, -0.819975761999956, 0.0 ], [ 135.50612142500006, -0.819657677999885, 0.0 ], [ 135.505676404000155, -0.819318312999883, 0.0 ], [ 135.505621923000149, -0.819261533999907, 0.0 ], [ 135.505581857000038, -0.819232246999945, 0.0 ], [ 135.505540571000211, -0.819215339999971, 0.0 ], [ 135.505471093000097, -0.819226884999978, 0.0 ], [ 135.505174123000074, -0.81942956499995, 0.0 ], [ 135.505073205000031, -0.819484758999977, 0.0 ], [ 135.504827981000176, -0.81973198299994, 0.0 ], [ 135.504505371000164, -0.82010267499993, 0.0 ], [ 135.504240483000103, -0.820374228999867, 0.0 ], [ 135.503868015000194, -0.820722695999905, 0.0 ], [ 135.503710092000119, -0.820838622999929, 0.0 ], [ 135.503606687000229, -0.820880048999868, 0.0 ], [ 135.503550831000211, -0.8209, 0.0 ], [ 135.503440008000069, -0.820894718999966, 0.0 ] ], [ [ 135.50402005, -0.821856563999916, 0.0 ], [ 135.504028190000213, -0.821850612999867, 0.0 ], [ 135.504472855000131, -0.821555478999869, 0.0 ], [ 135.504742119000184, -0.821343440999954, 0.0 ], [ 135.504767699000013, -0.821322018999922, 0.0 ], [ 135.504793971000026, -0.821304854999937, 0.0 ], [ 135.504823339000154, -0.821302701999969, 0.0 ], [ 135.504843884000024, -0.821308101999932, 0.0 ], [ 135.504907310000135, -0.821372959999962, 0.0 ], [ 135.505229948000078, -0.821846690999905, 0.0 ], [ 135.505353117000141, -0.822029011999916, 0.0 ], [ 135.505823795000197, -0.821725225999899, 0.0 ], [ 135.506008487000145, -0.821630078999931, 0.0 ], [ 135.506014869205273, -0.821623240848777, 0.0 ], [ 135.506037070182771, -0.821606813649032, 0.0 ] ], [ [ 135.505471421000038, -0.822201907999954, 0.0 ], [ 135.505465813000114, -0.82219951899998, 0.0 ], [ 135.505353117000027, -0.822029011999973, 0.0 ], [ 135.50529, -0.82208, 0.0 ], [ 135.505286838000075, -0.822086322999951, 0.0 ], [ 135.505220851000104, -0.822137486999964, 0.0 ], [ 135.504781016000038, -0.822442813999942, 0.0 ], [ 135.504358677000027, -0.822703830999956, 0.0 ], [ 135.504344190000097, -0.822710417999929, 0.0 ] ], [ [ 135.505804071000057, -0.821737955999936, 0.0 ], [ 135.505809253000052, -0.821746841999925, 0.0 ], [ 135.50603, -0.82208, 0.0 ], [ 135.506057579000071, -0.822110479999935, 0.0 ] ] ] } },
{ "type": "Feature", "properties": { "OID_": 1, "Shape_Leng": 0.01171396339, "Panjang": 0.83, "Status": "Jalan Kabupaten", "Kd_Inf": "029", "Nm_Ruas": "Mbrurwandi - Amdoi", "Fungsi": "Lingkungan Primer", "Mendukung": "PKL", "Ura_Dukung": "Akses kampung", "Kd_Bd_PU": "02", "Kd_Jns_Inf": "01", "Kab_Kot": "Supiori", "Kecamatan": "Kepulauan Aruri", "Desa_Kel": "Manggonswan", "Km_Awal": "0+000", "Km_Akhir": "0+830", "Nm_Lintas": "-", "Jns_Pen": "Pemeliharaan", "Kd_Patok": "-", "Propinsi": "Papua", "Tk_Ruas_Aw": "Jalan Mbrurwandi - Manggonswan", "Tk_Ruas_Ak": "Jalan Sapondi - Sowek", "Kl_Dat_Das": "Jalan Non Tol", "Tipe_Keras": "Macadam", "Kon_Baik": 0.83, "Kon_Sdg": 0.0, "Kon_Rgn": 0.0, "Kon_Rusak": 0.0, "Kon_T_Mntp": 0.0, "Kon_Mntp": 0.83, "Koord_X_Aw": 135.50175927699999, "Koord_Y_Aw": -0.820853232, "Koord_X_Ak": 135.504600006, "Koord_Y_Ak": -0.81688830623999997, "Lbr_Keras": 5.0, "LHRT": 30.0, "VCR": 0.0, "MST": 0.0, "Tanah_Kri": 0.0, "Macadam": 100.0, "Aspal": 0.0, "Rigid": 0.0, "Thn_Data": 2025, "Tipe_Jln": 2, "Thn_Pen_Ak": 2025 }, "geometry": { "type": "MultiLineString", "coordinates": [ [ [ 135.501759276500138, -0.820853231999905, 0.0 ], [ 135.501781393971015, -0.820819494949276, 0.0 ], [ 135.501793168000177, -0.820801725999956, 0.0 ], [ 135.502015087000132, -0.820479974999898, 0.0 ], [ 135.50212229400006, -0.820293727999967, 0.0 ], [ 135.502248414000178, -0.820058659999972, 0.0 ], [ 135.502530991000185, -0.819721575999949, 0.0 ], [ 135.502848810000273, -0.819307656999968, 0.0 ], [ 135.50311364300012, -0.818968485999903, 0.0 ], [ 135.503395572000045, -0.818601423999894, 0.0 ], [ 135.503627115000086, -0.81826393699987, 0.0 ], [ 135.503833794000116, -0.818041129999926, 0.0 ], [ 135.50407795600006, -0.817868417999932, 0.0 ], [ 135.504139930000179, -0.817806129999894, 0.0 ], [ 135.504205474000059, -0.8176878189999, 0.0 ], [ 135.504344389000153, -0.817237847999877, 0.0 ], [ 135.504513651000138, -0.816979106999952, 0.0 ], [ 135.504569119916709, -0.816914100024405, 0.0 ], [ 135.504600006007877, -0.816888306244266, 0.0 ] ] ] } },
{ "type": "Feature", "properties": { "OID_": 1, "Shape_Leng": 0.0, "Panjang": 3.0, "Status": "Jalan Kabupaten", "Kd_Inf": "003", "Nm_Ruas": "Marsram - Wakre", "Fungsi": "Kolektor Primer", "Mendukung": "PKW", "Ura_Dukung": "Lintas distrik", "Kd_Bd_PU": "02", "Kd_Jns_Inf": "01", "Kab_Kot": "Supiori", "Kecamatan": "Supiori Timur", "Desa_Kel": "Marsram", "Km_Awal": "0+000", "Km_Akhir": "3+000", "Nm_Lintas": "-", "Jns_Pen": "Pemeliharaan", "Kd_Patok": "-", "Propinsi": "Papua", "Tk_Ruas_Aw": "Gereja GKI Kanaan Wakre", "Tk_Ruas_Ak": "Asrama Taruna SMK Negeri 1 Supiori", "Kl_Dat_Das": "Jalan Non Tol", "Tipe_Keras": "Macadam", "Kon_Baik": 3.0, "Kon_Sdg": 0.0, "Kon_Rgn": 0.0, "Kon_Rusak": 0.0, "Kon_T_Mntp": 0.0, "Kon_Mntp": 3.0, "Koord_X_Aw": 135.69047108300001, "Koord_Y_Aw": -0.805212689, "Koord_X_Ak": 135.70802234499999, "Koord_Y_Ak": -0.78800622520999997, "Lbr_Keras": 6.0, "LHRT": 50.0, "VCR": 0.0, "MST": 0.0, "Tanah_Kri": 0.0, "Macadam": 100.0, "Aspal": 0.0, "Rigid": 0.0, "Thn_Data": 2025, "Tipe_Jln": 2, "Thn_Pen_Ak": 2025 }, "geometry": { "type": "MultiLineString", "coordinates": [ [ [ 135.690471083000062, -0.805212688999916, 0.0 ], [ 135.690716846077009, -0.804113374948421, 0.0 ], [ 135.690990975218114, -0.803054059822458, 0.0 ], [ 135.691049185462902, -0.802785117389285, 0.0 ], [ 135.691083763300753, -0.802528293009054, 0.0 ], [ 135.691110649496721, -0.802061130272961, 0.0 ], [ 135.691138557362365, -0.80181711658545, 0.0 ], [ 135.691285338396455, -0.801355436102435, 0.0 ], [ 135.691670088105013, -0.800342320760994, 0.0 ], [ 135.691857195926531, -0.79996149965039, 0.0 ], [ 135.692075018899885, -0.799620494492322, 0.0 ], [ 135.692323620879506, -0.799333252102332, 0.0 ], [ 135.692547661583689, -0.799197655606605, 0.0 ], [ 135.692797524110489, -0.799103405262581, 0.0 ], [ 135.693231644468767, -0.799076162104277, 0.0 ], [ 135.693703811702989, -0.799043467467401, 0.0 ], [ 135.69394168805394, -0.798965857751024, 0.0 ], [ 135.694206533300502, -0.79885080662244, 0.0 ], [ 135.694680722723405, -0.798518805330818, 0.0 ], [ 135.695328217400913, -0.797919884678791, 0.0 ], [ 135.69560785380412, -0.797742192319026, 0.0 ], [ 135.695979316391316, -0.797614213739225, 0.0 ], [ 135.696713076910697, -0.797414840868526, 0.0 ], [ 135.69714362603591, -0.797266236527312, 0.0 ], [ 135.697360190767455, -0.797062069566856, 0.0 ], [ 135.697532540512071, -0.796915778216967, 0.0 ], [ 135.697796491797675, -0.796605471670867, 0.0 ], [ 135.697988542568254, -0.796480953155427, 0.0 ], [ 135.698418613938401, -0.796392662819463, 0.0 ], [ 135.698911676585993, -0.796230956003886, 0.0 ], [ 135.699716987574163, -0.795934002738866, 0.0 ], [ 135.69991246532922, -0.795817007510491, 0.0 ], [ 135.70006940191351, -0.795679833501181, 0.0 ], [ 135.700382875415983, -0.795235860324563, 0.0 ], [ 135.700708957097902, -0.794828770410891, 0.0 ], [ 135.701225495496914, -0.794278321836928, 0.0 ], [ 135.701511969329317, -0.794029731786532, 0.0 ], [ 135.701692814410904, -0.79384532970639, 0.0 ], [ 135.702103054741031, -0.793377542661329, 0.0 ], [ 135.702764718571615, -0.792662456887544, 0.0 ], [ 135.703567603094285, -0.791835524632106, 0.0 ], [ 135.704293979964547, -0.79109375615463, 0.0 ], [ 135.704923623086984, -0.790547690075144, 0.0 ], [ 135.705353756006133, -0.790143516311152, 0.0 ], [ 135.705721566965877, -0.789794285468114, 0.0 ], [ 135.705935693302735, -0.789633855739625, 0.0 ], [ 135.706184933825909, -0.789486081505009, 0.0 ], [ 135.706774810615599, -0.789228563371746, 0.0 ], [ 135.706921482786271, -0.789154763766007, 0.0 ], [ 135.707049489835214, -0.789038454395611, 0.0 ], [ 135.707231959744803, -0.7887149507463, 0.0 ], [ 135.707529558871954, -0.788426353180297, 0.0 ], [ 135.707805832145084, -0.78825508434901, 0.0 ], [ 135.707930539918237, -0.788159145322619, 0.0 ], [ 135.708022344771223, -0.788006225205048, 0.0 ] ] ] } },
{ "type": "Feature", "properties": { "OID_": 1, "Shape_Leng": 0.0, "Panjang": 9.0, "Status": "Jalan Kabupaten", "Kd_Inf": "017", "Nm_Ruas": "Wafor - Warbor", "Fungsi": "Kolektor Primer", "Mendukung": "PKW", "Ura_Dukung": "Lintas distrik", "Kd_Bd_PU": "02", "Kd_Jns_Inf": "01", "Kab_Kot": "Supiori", "Kecamatan": "Supiori Utara", "Desa_Kel": "Kobari Jaya, Sauyas", "Km_Awal": "0+000", "Km_Akhir": "9+000", "Nm_Lintas": "-", "Jns_Pen": "Pemeliharaan", "Kd_Patok": "-", "Propinsi": "Papua", "Tk_Ruas_Aw": "Lapangan Bola Kampung Warbor", "Tk_Ruas_Ak": "Supiori Guest House", "Kl_Dat_Das": "Jalan Non Tol", "Tipe_Keras": "Macadam", "Kon_Baik": 0.0, "Kon_Sdg": 0.0, "Kon_Rgn": 0.0, "Kon_Rusak": 9.0, "Kon_T_Mntp": 9.0, "Kon_Mntp": 0.0, "Koord_X_Aw": 135.63609932099999, "Koord_Y_Aw": -0.66441877794000004, "Koord_X_Ak": 135.73236, "Koord_Y_Ak": -0.7249, "Lbr_Keras": 6.0, "LHRT": 50.0, "VCR": 0.0, "MST": 0.0, "Tanah_Kri": 0.0, "Macadam": 100.0, "Aspal": 0.0, "Rigid": 0.0, "Thn_Data": 2025, "Tipe_Jln": 2, "Thn_Pen_Ak": 2025 }, "geometry": { "type": "MultiLineString", "coordinates": [ [ [ 135.636099320823774, -0.664418777939535, 0.0 ], [ 135.636975766240084, -0.663992266365204, 0.0 ], [ 135.637420066344902, -0.663776347615064, 0.0 ], [ 135.638052470448287, -0.66350992890904, 0.0 ], [ 135.638298496464927, -0.663435074374801, 0.0 ], [ 135.63846255502844, -0.663394174267536, 0.0 ], [ 135.6386920675466, -0.663379618806821, 0.0 ], [ 135.638984780621314, -0.663377548662518, 0.0 ], [ 135.639422554063515, -0.663410218470447, 0.0 ], [ 135.639681514212469, -0.663449911802559, 0.0 ], [ 135.64131730438794, -0.663667621741593, 0.0 ], [ 135.641572591311615, -0.663702222021273, 0.0 ], [ 135.642335442957545, -0.663866260105154, 0.0 ], [ 135.642706049489846, -0.663897047487006, 0.0 ], [ 135.642942615330412, -0.66390837407393, 0.0 ], [ 135.643315413432134, -0.663939516412574, 0.0 ], [ 135.643501341876458, -0.663971879309377, 0.0 ], [ 135.644143178589871, -0.6640915775924, 0.0 ], [ 135.644408065362228, -0.664150223307082, 0.0 ], [ 135.644972981861514, -0.664369916227956, 0.0 ], [ 135.645190132720614, -0.66444557007046, 0.0 ], [ 135.64539703564617, -0.664515065990151, 0.0 ], [ 135.645764988010114, -0.664603899047433, 0.0 ], [ 135.646078398453113, -0.664737875678269, 0.0 ], [ 135.646458575035808, -0.664945639740751, 0.0 ], [ 135.64691386725039, -0.665217298258131, 0.0 ], [ 135.647240612595937, -0.665393917749753, 0.0 ], [ 135.647558822963276, -0.665539917098093, 0.0 ], [ 135.647905816861226, -0.665674834941969, 0.0 ], [ 135.64841895325003, -0.665825416698172, 0.0 ], [ 135.648552345856871, -0.665862765005296, 0.0 ], [ 135.648931210254517, -0.666023086282681, 0.0 ], [ 135.649624256837399, -0.666326505425396, 0.0 ], [ 135.650216321755948, -0.666656301245101, 0.0 ], [ 135.650843806742074, -0.666989584804059, 0.0 ], [ 135.651214259818801, -0.667146294684849, 0.0 ], [ 135.651566346769215, -0.66727753930346, 0.0 ], [ 135.652007223195653, -0.667429911858847, 0.0 ], [ 135.652180480837586, -0.667484962192155, 0.0 ], [ 135.652444488225512, -0.667590695735142, 0.0 ], [ 135.652707971185862, -0.667741325537008, 0.0 ], [ 135.653166041226143, -0.667981947125642, 0.0 ], [ 135.65351925487559, -0.668120121409322, 0.0 ], [ 135.653746653668208, -0.66820193317464, 0.0 ], [ 135.654013670181286, -0.668247429472772, 0.0 ], [ 135.654233537037356, -0.66827854201319, 0.0 ], [ 135.654389138466541, -0.66830374394547, 0.0 ], [ 135.654611753350082, -0.668456750802768, 0.0 ], [ 135.655154417445772, -0.669077670399214, 0.0 ], [ 135.65536525692653, -0.669289494674197, 0.0 ], [ 135.655517633946346, -0.669487351976927, 0.0 ], [ 135.655990170052661, -0.670416279820604, 0.0 ], [ 135.656253208661525, -0.671027894928757, 0.0 ], [ 135.656607505428809, -0.671562079178239, 0.0 ], [ 135.656661183980617, -0.671647241242471, 0.0 ], [ 135.656731531718663, -0.671865548598833, 0.0 ], [ 135.656880794203488, -0.672499219073813, 0.0 ], [ 135.656931834602119, -0.672725644622952, 0.0 ], [ 135.657116221794183, -0.673059131915359, 0.0 ], [ 135.657192496155574, -0.673296391654292, 0.0 ], [ 135.657257952342434, -0.673642103165431, 0.0 ], [ 135.657392984525075, -0.674197000798441, 0.0 ], [ 135.657520207658308, -0.6748001129588, 0.0 ], [ 135.657557141412184, -0.674974774412667, 0.0 ], [ 135.657600835360341, -0.675191013856942, 0.0 ], [ 135.65769569113229, -0.675341320732457, 0.0 ], [ 135.657865385423264, -0.675654435815121, 0.0 ], [ 135.657980414135949, -0.675985685724655, 0.0 ], [ 135.658073110368946, -0.676302073262348, 0.0 ], [ 135.658112066221463, -0.676519794362462, 0.0 ], [ 135.658165220345694, -0.676649852685574, 0.0 ], [ 135.658266882125389, -0.676772024115356, 0.0 ], [ 135.658446144234546, -0.676942749014062, 0.0 ], [ 135.65868996489877, -0.677103688578135, 0.0 ], [ 135.658917549177403, -0.677226013463482, 0.0 ], [ 135.659031171845925, -0.67732988059561, 0.0 ], [ 135.659112985843478, -0.677421848667572, 0.0 ], [ 135.659175492501646, -0.677521934932318, 0.0 ], [ 135.659196391371182, -0.677781712636971, 0.0 ], [ 135.659300679753187, -0.67831813650154, 0.0 ], [ 135.659404782649176, -0.678814047246076, 0.0 ], [ 135.659529209709262, -0.679045611661104, 0.0 ], [ 135.659663822874222, -0.679269829625604, 0.0 ], [ 135.66015984572536, -0.679748251395973, 0.0 ], [ 135.660565272285965, -0.68005006745773, 0.0 ], [ 135.661176475073091, -0.680414449774106, 0.0 ], [ 135.661689936620462, -0.680715771206505, 0.0 ], [ 135.662062519437939, -0.680859331670744, 0.0 ], [ 135.662708230877854, -0.681107853935715, 0.0 ], [ 135.662943562377279, -0.681168459920368, 0.0 ], [ 135.663190376151391, -0.681185944430105, 0.0 ], [ 135.663873419883203, -0.681217856278788, 0.0 ], [ 135.664183372385196, -0.681234321731594, 0.0 ], [ 135.664331982320618, -0.681247145989579, 0.0 ], [ 135.664535212020922, -0.681311548856834, 0.0 ], [ 135.664705630008484, -0.681384131745542, 0.0 ], [ 135.664992155362143, -0.681545240780403, 0.0 ], [ 135.665118741961209, -0.681610724533256, 0.0 ], [ 135.665545110972602, -0.68178323799893, 0.0 ], [ 135.665743664405909, -0.681862626895369, 0.0 ], [ 135.665976511207759, -0.681938573865997, 0.0 ], [ 135.666126247842271, -0.681958327789049, 0.0 ], [ 135.666496730717199, -0.681962106424214, 0.0 ], [ 135.666602990919984, -0.681972569641988, 0.0 ], [ 135.667027321817528, -0.682018805651932, 0.0 ], [ 135.667404626715438, -0.682077666650847, 0.0 ], [ 135.667580369054917, -0.68211737599818, 0.0 ], [ 135.667748116858945, -0.682164786752834, 0.0 ], [ 135.668031910200369, -0.682287219280298, 0.0 ], [ 135.668426887326234, -0.682459146489725, 0.0 ], [ 135.668693441240407, -0.68256304342008, 0.0 ], [ 135.668868952280405, -0.682631953083524, 0.0 ], [ 135.669075145292368, -0.682705832142065, 0.0 ], [ 135.669348860171056, -0.682779402057261, 0.0 ], [ 135.669541255681537, -0.682869038887239, 0.0 ], [ 135.669919533822934, -0.683060752050161, 0.0 ], [ 135.670264954438125, -0.68333035867067, 0.0 ], [ 135.670478448087181, -0.683484137270222, 0.0 ], [ 135.670673451952553, -0.683585441860911, 0.0 ], [ 135.67091619173118, -0.683669738323778, 0.0 ], [ 135.671102784275632, -0.683767431517871, 0.0 ], [ 135.671658611570905, -0.684154331799966, 0.0 ], [ 135.671921631932349, -0.684363362234058, 0.0 ], [ 135.672230613423068, -0.68456634238745, 0.0 ], [ 135.672502862661133, -0.684718392016486, 0.0 ], [ 135.672771021888451, -0.684854035789166, 0.0 ], [ 135.673238522306576, -0.685161407502263, 0.0 ], [ 135.673350539661925, -0.685233527792062, 0.0 ], [ 135.673520726350034, -0.685335310996882, 0.0 ], [ 135.673937758842698, -0.685621014330405, 0.0 ], [ 135.674369731551167, -0.685981107367049, 0.0 ], [ 135.674898272986809, -0.686467045058733, 0.0 ], [ 135.675565501582923, -0.687110388761786, 0.0 ], [ 135.675678414337852, -0.687218639032764, 0.0 ], [ 135.675825034205104, -0.687354839263468, 0.0 ], [ 135.676160438186258, -0.687589087645058, 0.0 ], [ 135.676458230530415, -0.687819493330595, 0.0 ], [ 135.67671183652925, -0.688044991449706, 0.0 ], [ 135.677115273021684, -0.688470183484182, 0.0 ], [ 135.677650359367419, -0.689110117291868, 0.0 ], [ 135.677812567535284, -0.68930281971349, 0.0 ], [ 135.678027790154857, -0.689515353902057, 0.0 ], [ 135.678404804156827, -0.689909277708334, 0.0 ], [ 135.678595750041922, -0.690160612061632, 0.0 ], [ 135.678849743027996, -0.690550354230285, 0.0 ], [ 135.679112749606475, -0.690995533719486, 0.0 ], [ 135.679211649575734, -0.691231959887496, 0.0 ], [ 135.679252611511657, -0.691409522824374, 0.0 ], [ 135.679279560661854, -0.691715261658279, 0.0 ], [ 135.679271124007158, -0.692503315236487, 0.0 ], [ 135.679222852115572, -0.69312073554289, 0.0 ], [ 135.679117956607911, -0.694046102267846, 0.0 ], [ 135.679048634623456, -0.694849034233115, 0.0 ], [ 135.678963570882786, -0.695721386506414, 0.0 ], [ 135.67888440173499, -0.696446255543306, 0.0 ], [ 135.678882258211246, -0.696695554014963, 0.0 ], [ 135.678917172098693, -0.697146522687174, 0.0 ], [ 135.678943798322564, -0.697620888709475, 0.0 ], [ 135.679021726042862, -0.698139548719189, 0.0 ], [ 135.679077087751722, -0.698353179808577, 0.0 ], [ 135.679113959676926, -0.698514336889101, 0.0 ], [ 135.679490930097671, -0.699297340996104, 0.0 ], [ 135.679913431079228, -0.700299131073604, 0.0 ], [ 135.680167286624965, -0.700898013550682, 0.0 ], [ 135.680319448360564, -0.701208288978998, 0.0 ], [ 135.680434630528822, -0.701413616389595, 0.0 ], [ 135.680548855468828, -0.70156930944567, 0.0 ], [ 135.680619356662419, -0.701661694303094, 0.0 ], [ 135.680683839605763, -0.701874553650231, 0.0 ], [ 135.680713781865904, -0.702036837429802, 0.0 ], [ 135.680706668947039, -0.70231681787341, 0.0 ], [ 135.680621108344809, -0.702761768295366, 0.0 ], [ 135.680460448125871, -0.703226042071908, 0.0 ], [ 135.680408006147417, -0.70341096747454, 0.0 ], [ 135.68043677589506, -0.703636035025184, 0.0 ], [ 135.680620576830847, -0.704000914203127, 0.0 ], [ 135.680738614668684, -0.704271926867804, 0.0 ], [ 135.680829673558037, -0.704390131944199, 0.0 ], [ 135.680985831445241, -0.704536873236566, 0.0 ], [ 135.681117820240104, -0.704666205630872, 0.0 ], [ 135.681216873664908, -0.704776709299944, 0.0 ], [ 135.68155041346742, -0.70548070926553, 0.0 ], [ 135.681667200948823, -0.705717783518451, 0.0 ], [ 135.682041966017181, -0.706736581723772, 0.0 ], [ 135.68222600048469, -0.707391627450203, 0.0 ], [ 135.682262702939113, -0.707595489220182, 0.0 ], [ 135.682234430053029, -0.707797823520873, 0.0 ], [ 135.682176292750711, -0.707934596224818, 0.0 ], [ 135.681793189351225, -0.708522525319198, 0.0 ], [ 135.681559605069765, -0.708923259597633, 0.0 ], [ 135.681436261127487, -0.709087705148403, 0.0 ], [ 135.6812719872797, -0.709241023381262, 0.0 ], [ 135.681002240986601, -0.709476217440323, 0.0 ], [ 135.680838553395063, -0.709598143787646, 0.0 ], [ 135.680729886338639, -0.709699743738674, 0.0 ], [ 135.680624970351346, -0.709903158924965, 0.0 ], [ 135.680552279820517, -0.710129785975338, 0.0 ], [ 135.680191277601324, -0.710761777757676, 0.0 ], [ 135.680064986362595, -0.710999964926641, 0.0 ], [ 135.679890157670172, -0.711398970234562, 0.0 ], [ 135.679827529586873, -0.71159124208772, 0.0 ], [ 135.679736198048971, -0.712210684492755, 0.0 ], [ 135.679749427541651, -0.712628903280937, 0.0 ], [ 135.679905031203049, -0.712973472077807, 0.0 ], [ 135.680116004539912, -0.713256883820966, 0.0 ], [ 135.680413223439615, -0.713557602745506, 0.0 ], [ 135.680721859006724, -0.713821734684737, 0.0 ], [ 135.680718129833679, -0.713980365887124, 0.0 ], [ 135.680694318055856, -0.714229089187736, 0.0 ], [ 135.680763913802309, -0.714443523386438, 0.0 ], [ 135.680880495658869, -0.714605168117056, 0.0 ], [ 135.68119489548431, -0.714765907154282, 0.0 ], [ 135.681448706498003, -0.714927814683035, 0.0 ], [ 135.681655380452781, -0.715109542018391, 0.0 ], [ 135.681860813166452, -0.715604047840961, 0.0 ], [ 135.681920613583713, -0.716014566821091, 0.0 ], [ 135.681932975044191, -0.716378966284858, 0.0 ], [ 135.681899026939789, -0.716554666563756, 0.0 ], [ 135.681923934459547, -0.716739899373702, 0.0 ], [ 135.682045866827394, -0.716902410698052, 0.0 ], [ 135.682262939906963, -0.717019931897909, 0.0 ], [ 135.682412189527184, -0.717115486356664, 0.0 ], [ 135.682679530492948, -0.717702382160858, 0.0 ], [ 135.682911302016009, -0.718305480447832, 0.0 ], [ 135.683025021293219, -0.718620405869545, 0.0 ], [ 135.683406981779854, -0.718940340805091, 0.0 ], [ 135.683774774868965, -0.71927994459834, 0.0 ], [ 135.683947047872607, -0.719538463228142, 0.0 ], [ 135.684049613280536, -0.719752746477945, 0.0 ], [ 135.684328141765491, -0.71986374867498, 0.0 ], [ 135.685260338321427, -0.720278293276227, 0.0 ], [ 135.685521383982859, -0.720463336037603, 0.0 ], [ 135.68585993658354, -0.720644459577364, 0.0 ], [ 135.685910428168228, -0.720773436544298, 0.0 ], [ 135.685694037083579, -0.721194130950738, 0.0 ], [ 135.685057862735675, -0.722375956500682, 0.0 ], [ 135.684818599216527, -0.722666656397557, 0.0 ], [ 135.684753112740282, -0.722765867279805, 0.0 ], [ 135.684746632837118, -0.722907580354584, 0.0 ], [ 135.684807037049978, -0.723449977980642, 0.0 ], [ 135.684922036667956, -0.723655293395326, 0.0 ], [ 135.685184513619049, -0.723763695811164, 0.0 ], [ 135.6855522676085, -0.723900131124229, 0.0 ], [ 135.685970775980763, -0.724028314247007, 0.0 ], [ 135.686495841732182, -0.724074920259982, 0.0 ], [ 135.686886842803517, -0.724033922106689, 0.0 ], [ 135.687498797076358, -0.723984783612349, 0.0 ], [ 135.687950839806064, -0.724041525951973, 0.0 ], [ 135.688228350748403, -0.724124908998817, 0.0 ], [ 135.688560837192966, -0.724343486117619, 0.0 ], [ 135.688797467281006, -0.72464537353369, 0.0 ], [ 135.689077281556479, -0.725426469982949, 0.0 ], [ 135.689233352077338, -0.725649419170073, 0.0 ], [ 135.689737619579176, -0.725824437454048, 0.0 ], [ 135.690305489420894, -0.725877976216881, 0.0 ], [ 135.691019858152799, -0.726010151310861, 0.0 ], [ 135.691452796720711, -0.725981436418717, 0.0 ], [ 135.691988977241749, -0.725925516123419, 0.0 ], [ 135.692348590890163, -0.72584099823496, 0.0 ], [ 135.692670035314706, -0.725788734363149, 0.0 ], [ 135.693098076218035, -0.72585806186172, 0.0 ], [ 135.693371516989828, -0.725830968307802, 0.0 ], [ 135.693863685829342, -0.72550435797079, 0.0 ], [ 135.694182793270812, -0.725330916475631, 0.0 ], [ 135.694425864162326, -0.725287922336738, 0.0 ], [ 135.694822819540548, -0.725379669423106, 0.0 ], [ 135.695292948889374, -0.725494249844307, 0.0 ], [ 135.695941942994239, -0.725555437001829, 0.0 ], [ 135.696931636634304, -0.725682787180787, 0.0 ], [ 135.697144186696647, -0.725590922795436, 0.0 ], [ 135.698257652291488, -0.724920180198208, 0.0 ], [ 135.69882529298502, -0.724534412339197, 0.0 ], [ 135.699113963951959, -0.724417407161106, 0.0 ], [ 135.699406553369329, -0.724388328270117, 0.0 ], [ 135.700024317684353, -0.724301451592051, 0.0 ], [ 135.700831250208893, -0.723845658075732, 0.0 ], [ 135.701159973645616, -0.723626601623775, 0.0 ], [ 135.702214563108043, -0.723064297762042, 0.0 ], [ 135.702872436652513, -0.721976927889814, 0.0 ], [ 135.704306470833529, -0.719102179390026, 0.0 ], [ 135.704279830126296, -0.718927647602664, 0.0 ], [ 135.703922397062314, -0.718320669193731, 0.0 ], [ 135.703442466934547, -0.717622469294705, 0.0 ], [ 135.703295627046941, -0.717274725160408, 0.0 ], [ 135.703228441033133, -0.716808101286165, 0.0 ], [ 135.703196259766031, -0.716396564763405, 0.0 ], [ 135.703270669527996, -0.715326915351768, 0.0 ], [ 135.703295610697666, -0.714935612382643, 0.0 ], [ 135.703371194400916, -0.714706256041935, 0.0 ], [ 135.703484947328064, -0.714444645684578, 0.0 ], [ 135.703627378358419, -0.714199997283396, 0.0 ], [ 135.703858047373842, -0.714039440242125, 0.0 ], [ 135.704409409221938, -0.713690174698627, 0.0 ], [ 135.704993752253529, -0.71329002444423, 0.0 ], [ 135.705301650626438, -0.713096994631823, 0.0 ], [ 135.70546155735056, -0.713026184294862, 0.0 ], [ 135.705689819512344, -0.712977690422392, 0.0 ], [ 135.705947405647578, -0.712956436596063, 0.0 ], [ 135.706212168762534, -0.712988073564057, 0.0 ], [ 135.706433995888602, -0.713048741377379, 0.0 ], [ 135.706658431369533, -0.713121076951411, 0.0 ], [ 135.706905971072473, -0.713217396131781, 0.0 ], [ 135.707105110762029, -0.713265393142683, 0.0 ], [ 135.707256560351794, -0.713260684845267, 0.0 ], [ 135.707382004236621, -0.71323602112357, 0.0 ], [ 135.707598120023533, -0.713165318428726, 0.0 ], [ 135.707880136348791, -0.712979341938725, 0.0 ], [ 135.708114664075481, -0.712864391069911, 0.0 ], [ 135.70825651381665, -0.712835637337488, 0.0 ], [ 135.708414893071506, -0.712829802341025, 0.0 ], [ 135.708866001416283, -0.712905115009742, 0.0 ], [ 135.709272506630327, -0.712964207308113, 0.0 ], [ 135.709598448203195, -0.712965269946275, 0.0 ], [ 135.70982368522462, -0.712893795509177, 0.0 ], [ 135.710605393161785, -0.7125526001128, 0.0 ], [ 135.710726330250395, -0.712500217730831, 0.0 ], [ 135.710834642350051, -0.712400809349227, 0.0 ], [ 135.710900959673836, -0.712296848357988, 0.0 ], [ 135.710946286501184, -0.712072536534378, 0.0 ], [ 135.710989682856734, -0.711665738192241, 0.0 ], [ 135.711152873586684, -0.711116409993584, 0.0 ], [ 135.711420178763461, -0.710507476619764, 0.0 ], [ 135.711525202392892, -0.71024785237068, 0.0 ], [ 135.711623960457359, -0.71005468511793, 0.0 ], [ 135.711767090353135, -0.709906938551637, 0.0 ], [ 135.71199970362332, -0.709692718973786, 0.0 ], [ 135.712729908562864, -0.709183498660483, 0.0 ], [ 135.712926469695759, -0.709066896665051, 0.0 ], [ 135.713052144880038, -0.709013032627243, 0.0 ], [ 135.713203177684363, -0.708997011525909, 0.0 ], [ 135.713371156787844, -0.709015221964452, 0.0 ], [ 135.713599913578946, -0.709074763078727, 0.0 ], [ 135.713860000426962, -0.709121386075906, 0.0 ], [ 135.714252444809603, -0.709059000842858, 0.0 ], [ 135.714649272331116, -0.708997325523394, 0.0 ], [ 135.715101784487842, -0.708980654104927, 0.0 ], [ 135.715335387016722, -0.708982504500565, 0.0 ], [ 135.715755272946751, -0.70901452622358, 0.0 ], [ 135.716104966826492, -0.709021684955885, 0.0 ], [ 135.716559315595845, -0.709007560063637, 0.0 ], [ 135.717116544470827, -0.708983109393958, 0.0 ], [ 135.717308152223865, -0.708980407179959, 0.0 ], [ 135.717493602054049, -0.708987952899501, 0.0 ], [ 135.717660223159044, -0.709028433989088, 0.0 ], [ 135.718073380925205, -0.709185313340663, 0.0 ], [ 135.719169044212634, -0.709655149854912, 0.0 ], [ 135.719657024482586, -0.709891619604148, 0.0 ], [ 135.719883188934062, -0.710022710767195, 0.0 ], [ 135.72010248554912, -0.710168433002633, 0.0 ], [ 135.720211894549578, -0.710228885531721, 0.0 ], [ 135.720464527304927, -0.710321531486826, 0.0 ], [ 135.720940931441106, -0.710421182718674, 0.0 ], [ 135.721278032362335, -0.710547751070322, 0.0 ], [ 135.721443002340692, -0.71062619875372, 0.0 ], [ 135.721648377796953, -0.710760670013909, 0.0 ], [ 135.7218959335151, -0.710940207003762, 0.0 ], [ 135.722095675476112, -0.711040029938611, 0.0 ], [ 135.722353987540146, -0.711097610782916, 0.0 ], [ 135.722783287832783, -0.711113164820909, 0.0 ], [ 135.723278937479648, -0.711191193486626, 0.0 ], [ 135.724121610822692, -0.711251208750599, 0.0 ], [ 135.72428046869166, -0.711270190931397, 0.0 ], [ 135.724391945604225, -0.711303989670592, 0.0 ], [ 135.72473609984786, -0.711456440069869, 0.0 ], [ 135.725085763929371, -0.711616530047799, 0.0 ], [ 135.725346993491627, -0.71175330051953, 0.0 ], [ 135.725504571205988, -0.711891275534197, 0.0 ], [ 135.725681595932286, -0.71213135891225, 0.0 ], [ 135.725901943634739, -0.712506655494519, 0.0 ], [ 135.725989807912981, -0.712644584695739, 0.0 ], [ 135.726173993603794, -0.712854341058634, 0.0 ], [ 135.726321199727295, -0.712959149403802, 0.0 ], [ 135.726676636976606, -0.713264114263241, 0.0 ], [ 135.727147009079516, -0.713720389039907, 0.0 ], [ 135.727320175094519, -0.713914866245495, 0.0 ], [ 135.727437008389415, -0.714082227062281, 0.0 ], [ 135.727528500079472, -0.714294962752077, 0.0 ], [ 135.727527421426089, -0.714537686515454, 0.0 ], [ 135.727461351416991, -0.714695665000065, 0.0 ], [ 135.727224155738924, -0.71510481059941, 0.0 ], [ 135.72715986051378, -0.715251831236896, 0.0 ], [ 135.727095581303871, -0.715482069683866, 0.0 ], [ 135.727145959834615, -0.71596253180031, 0.0 ], [ 135.727209796925308, -0.716512645524226, 0.0 ], [ 135.72729107277874, -0.717309185009722, 0.0 ], [ 135.727301395807984, -0.717570904524323, 0.0 ], [ 135.72717033381204, -0.717967861684513, 0.0 ], [ 135.727064880942805, -0.718228400375621, 0.0 ], [ 135.726943802106661, -0.718563719645731, 0.0 ], [ 135.726917566776393, -0.718812489686005, 0.0 ], [ 135.726972019630409, -0.718997016927063, 0.0 ], [ 135.72713494171569, -0.719206140662209, 0.0 ], [ 135.727494256300162, -0.719461129665598, 0.0 ], [ 135.728249733650557, -0.720047358896746, 0.0 ], [ 135.72892367837477, -0.720637953504294, 0.0 ], [ 135.729441453060844, -0.720999433033329, 0.0 ], [ 135.730166666086149, -0.721577246357356, 0.0 ], [ 135.730460170618727, -0.721782920741492, 0.0 ], [ 135.730607609904069, -0.721848970567697, 0.0 ], [ 135.730877383920387, -0.721854008707323, 0.0 ], [ 135.731189262496116, -0.72183775304901, 0.0 ], [ 135.731445822240033, -0.721946075625425, 0.0 ], [ 135.731589933805424, -0.72203267141499, 0.0 ], [ 135.731722977994849, -0.722317781576406, 0.0 ], [ 135.731749385003752, -0.722480195601434, 0.0 ], [ 135.731925524849316, -0.723085045625713, 0.0 ], [ 135.732355667860958, -0.724820203930879, 0.0 ], [ 135.732360000000227, -0.7249, 0.0 ] ] ] } },
{ "type": "Feature", "properties": { "OID_": 0, "Shape_Leng": 0.0, "Panjang": 3.0, "Status": "Jalan Kabupaten", "Kd_Inf": "020", "Nm_Ruas": "Wir-Mnufan", "Fungsi": "Lokal Primer", "Mendukung": "PKW Ling", "Ura_Dukung": "Akses pelayanan desa", "Kd_Bd_PU": "02", "Kd_Jns_Inf": "01", "Kab_Kot": "Supiori", "Kecamatan": "Supiori Utara", "Desa_Kel": "Fanjur", "Km_Awal": "0+000", "Km_Akhir": "3+000", "Nm_Lintas": "-", "Jns_Pen": "Pemeliharaan", "Kd_Patok": "-", "Propinsi": "Papua", "Tk_Ruas_Aw": "Rumah Tanta Sapari", "Tk_Ruas_Ak": "Distrik Puweri", "Kl_Dat_Das": "Jalan Non Tol", "Tipe_Keras": "Macadam", "Kon_Baik": 3.0, "Kon_Sdg": 0.0, "Kon_Rgn": 0.0, "Kon_Rusak": 0.0, "Kon_T_Mntp": 0.0, "Kon_Mntp": 3.0, "Koord_X_Aw": 135.672043987, "Koord_Y_Aw": -0.684509444, "Koord_X_Ak": 135.65485573300001, "Koord_Y_Ak": -0.702878362, "Lbr_Keras": 5.0, "LHRT": 50.0, "VCR": 0.0, "MST": 0.0, "Tanah_Kri": 0.0, "Macadam": 100.0, "Aspal": 0.0, "Rigid": 0.0, "Thn_Data": 2025, "Tipe_Jln": 2, "Thn_Pen_Ak": 2025 }, "geometry": { "type": "MultiLineString", "coordinates": [ [ [ 135.672159497000052, -0.684519623999961, 0.0 ], [ 135.671998816000041, -0.684510289999935, 0.0 ], [ 135.671779892000018, -0.684479482999961, 0.0 ], [ 135.671615254000017, -0.684448098999951, 0.0 ], [ 135.671395238000059, -0.68440435399998, 0.0 ], [ 135.671356789000015, -0.684401370999979, 0.0 ], [ 135.671276397000042, -0.684437013999968, 0.0 ], [ 135.67120276300011, -0.684511061999956, 0.0 ], [ 135.671128482000086, -0.684559050999951, 0.0 ], [ 135.671008361000077, -0.684599614999968, 0.0 ], [ 135.670912207000015, -0.684642438999958, 0.0 ], [ 135.670680861000051, -0.684768805999965, 0.0 ], [ 135.670454902000074, -0.684922000999961, 0.0 ], [ 135.670163379000087, -0.685129461999963, 0.0 ], [ 135.669759894000094, -0.685377185999926, 0.0 ], [ 135.669491692000065, -0.685560847999966, 0.0 ], [ 135.669249759000081, -0.685732542999972, 0.0 ], [ 135.669084501000043, -0.685861503999945, 0.0 ], [ 135.668926312000053, -0.686097048999954, 0.0 ], [ 135.668668295000089, -0.686378066999964, 0.0 ], [ 135.668384041000081, -0.68662077099998, 0.0 ], [ 135.668190130000085, -0.686816464999936, 0.0 ], [ 135.668125679000013, -0.686883889999933, 0.0 ], [ 135.668061061000117, -0.686972374999925, 0.0 ], [ 135.667999961000078, -0.687139292999973, 0.0 ], [ 135.667832867000016, -0.687499923999951, 0.0 ], [ 135.667775229000085, -0.687675513999977, 0.0 ], [ 135.667771156000072, -0.687820846999955, 0.0 ], [ 135.667791850000071, -0.687913417999937, 0.0 ], [ 135.667828830000076, -0.688055667999947, 0.0 ], [ 135.667817822000075, -0.688123636999933, 0.0 ], [ 135.667778962000057, -0.688203316999932, 0.0 ], [ 135.66749573200002, -0.688439697999968, 0.0 ], [ 135.66722904400001, -0.688724177999973, 0.0 ], [ 135.666846131000057, -0.689095273999953, 0.0 ], [ 135.66669330700006, -0.68923760399997, 0.0 ], [ 135.666445085000078, -0.689357992999931, 0.0 ], [ 135.666085860000067, -0.689612885999964, 0.0 ], [ 135.665821898000104, -0.689860498999963, 0.0 ], [ 135.665497359000028, -0.690101543999958, 0.0 ], [ 135.665029123000068, -0.690408533999971, 0.0 ], [ 135.664716205000104, -0.690657949999945, 0.0 ], [ 135.664481030000047, -0.69086804899996, 0.0 ], [ 135.664381103000096, -0.691064365999978, 0.0 ], [ 135.664084828000114, -0.691441383999972, 0.0 ], [ 135.663847917000112, -0.691732308999974, 0.0 ], [ 135.663769429000013, -0.691896410999959, 0.0 ], [ 135.663602136, -0.69232838399995, 0.0 ], [ 135.663465799000051, -0.692679396999949, 0.0 ], [ 135.663222722000114, -0.693118560999949, 0.0 ], [ 135.662941376000049, -0.693976097999951, 0.0 ], [ 135.662624813000093, -0.694364174999976, 0.0 ], [ 135.662151474000098, -0.694726859999946, 0.0 ], [ 135.660915704000104, -0.695479662999958, 0.0 ], [ 135.659757812000066, -0.696133694999958, 0.0 ], [ 135.657945478000102, -0.697733691999929, 0.0 ], [ 135.656245757000079, -0.69936430599995, 0.0 ], [ 135.655979046000084, -0.699673823999944, 0.0 ], [ 135.655845627000076, -0.699924487999965, 0.0 ], [ 135.655312928000058, -0.700921111999946, 0.0 ], [ 135.655105286000094, -0.701630042999966, 0.0 ], [ 135.655052511, -0.702605388999928, 0.0 ], [ 135.655027926000116, -0.702652345999979, 0.0 ], [ 135.65485573300009, -0.702878361999979, 0.0 ] ] ] } },
{ "type": "Feature", "properties": { "OID_": 0, "Shape_Leng": 0.00728981699, "Panjang": 11.0, "Status": "Jalan Kabupaten", "Kd_Inf": "040", "Nm_Ruas": "Urbiasi-Bareidi", "Fungsi": "Kolektor Primer", "Mendukung": "PKW", "Ura_Dukung": "Ruas strategis kabupaten", "Kd_Bd_PU": "02", "Kd_Jns_Inf": "01", "Kab_Kot": "Supiori", "Kecamatan": "Kepulauan Aruri", "Desa_Kel": "Yamaisu", "Km_Awal": "0+000", "Km_Akhir": "11+000", "Nm_Lintas": "-", "Jns_Pen": "Pemeliharaan", "Kd_Patok": null, "Propinsi": "Papua", "Tk_Ruas_Aw": "GKI Patmos Rani", "Tk_Ruas_Ak": "Distrik Yamnaisu", "Kl_Dat_Das": "Jalan Non Tol", "Tipe_Keras": "Kerikil", "Kon_Baik": 5.0, "Kon_Sdg": 0.0, "Kon_Rgn": 6.0, "Kon_Rusak": 0.0, "Kon_T_Mntp": 6.0, "Kon_Mntp": 5.0, "Koord_X_Aw": 135.495727163, "Koord_Y_Aw": -0.948183553, "Koord_X_Ak": 135.50145988200001, "Koord_Y_Ak": -0.952595649, "Lbr_Keras": 2.0, "LHRT": 30.0, "VCR": 0.0, "MST": 0.0, "Tanah_Kri": 0.0, "Macadam": 0.0, "Aspal": 0.0, "Rigid": 100.0, "Thn_Data": 2025, "Tipe_Jln": 2, "Thn_Pen_Ak": 2025 }, "geometry": { "type": "MultiLineString", "coordinates": [ [ [ 135.495727163000083, -0.948183552999978, 0.0 ], [ 135.495900575000064, -0.948023393999961, 0.0 ], [ 135.495951823000041, -0.947984426999938, 0.0 ], [ 135.496100861000059, -0.947803046999979, 0.0 ], [ 135.496228889, -0.94772820999998, 0.0 ], [ 135.496430097000029, -0.947599328999956, 0.0 ], [ 135.496484459000044, -0.947427475999973, 0.0 ], [ 135.496642434000023, -0.947299471999941, 0.0 ], [ 135.496770826000102, -0.947166778999929, 0.0 ], [ 135.496814479000022, -0.94705234099996, 0.0 ], [ 135.49703631400007, -0.946961616999943, 0.0 ], [ 135.497445147, -0.946878699999957, 0.0 ], [ 135.497790117000022, -0.946771106999961, 0.0 ], [ 135.498172963000115, -0.946627122999928, 0.0 ], [ 135.498626129000058, -0.94643354599998, 0.0 ], [ 135.498931338000034, -0.946189121999964, 0.0 ], [ 135.499539016000085, -0.945812889999956, 0.0 ], [ 135.499795482000081, -0.945414095999979, 0.0 ], [ 135.500048215000106, -0.945054495999955, 0.0 ], [ 135.50040062000005, -0.944799475999957, 0.0 ], [ 135.500612195000031, -0.944540480999933, 0.0 ], [ 135.50072452400002, -0.94431992899996, 0.0 ], [ 135.500893673000064, -0.944103174999952, 0.0 ], [ 135.501212241000076, -0.94379188399995, 0.0 ] ], [ [ 135.496934255000042, -0.959696285999939, 0.0 ], [ 135.497113683000066, -0.959708103999958, 0.0 ], [ 135.497456286000101, -0.959719846999974, 0.0 ], [ 135.497802445000048, -0.959705565999968, 0.0 ], [ 135.498105953000049, -0.959640449999938, 0.0 ], [ 135.498400408000066, -0.959634381999933, 0.0 ], [ 135.498785764000104, -0.95957603599993, 0.0 ], [ 135.499229442000114, -0.959567192999941, 0.0 ], [ 135.500057515000094, -0.959353747999955, 0.0 ], [ 135.500394071000073, -0.959298197999942, 0.0 ], [ 135.501135397000098, -0.959110577999979, 0.0 ], [ 135.501543251000044, -0.958829649999927, 0.0 ], [ 135.501911184000051, -0.958709658999965, 0.0 ], [ 135.5021728910001, -0.958517988999972, 0.0 ], [ 135.502230864000012, -0.958339079999973, 0.0 ], [ 135.502312275, -0.958247490999952, 0.0 ], [ 135.502452320000089, -0.958186578999971, 0.0 ], [ 135.502767644000073, -0.957819430999962, 0.0 ], [ 135.502942305000033, -0.957562120999967, 0.0 ], [ 135.50313992700012, -0.957204769999976, 0.0 ], [ 135.503388931000018, -0.957003574999931, 0.0 ], [ 135.503610710000089, -0.956807602999959, 0.0 ], [ 135.503891183000064, -0.956683450999947, 0.0 ], [ 135.504198986000119, -0.95651584899997, 0.0 ], [ 135.504283786000087, -0.956444756999929, 0.0 ] ], [ [ 135.496657459000062, -0.953859043999955, 0.0 ], [ 135.496715564000056, -0.953849253999977, 0.0 ], [ 135.496790260000012, -0.953853382999966, 0.0 ], [ 135.49696700700008, -0.953789618999963, 0.0 ], [ 135.49708347100011, -0.953733747999934, 0.0 ], [ 135.497189282000022, -0.953732276999972, 0.0 ], [ 135.49731371300004, -0.953681735999965, 0.0 ], [ 135.497382419000019, -0.953643166999939, 0.0 ], [ 135.497462441000039, -0.953625651999971, 0.0 ], [ 135.497550964000084, -0.95358188299997, 0.0 ], [ 135.49761438500002, -0.953552793999961, 0.0 ], [ 135.497670516000085, -0.953535439999939, 0.0 ], [ 135.497822273000111, -0.95343192699994, 0.0 ], [ 135.497911331000068, -0.953369373999976, 0.0 ], [ 135.497974840000097, -0.953350175999958, 0.0 ], [ 135.498315548000051, -0.953309076999972, 0.0 ], [ 135.498403328000109, -0.953300684999931, 0.0 ], [ 135.49855078500002, -0.953283685999963, 0.0 ], [ 135.498685509000097, -0.953272493999975, 0.0 ], [ 135.498803358000032, -0.953277849999949, 0.0 ], [ 135.498942334000049, -0.953253121999978, 0.0 ], [ 135.499040800000103, -0.953206542999965, 0.0 ], [ 135.499193605000073, -0.953142055999933, 0.0 ], [ 135.499426223000114, -0.953106885999944, 0.0 ], [ 135.499848414000098, -0.953010038999935, 0.0 ], [ 135.500011214000097, -0.952943768999944, 0.0 ], [ 135.500153713000032, -0.952915064999956, 0.0 ], [ 135.500334860000066, -0.952864938999937, 0.0 ], [ 135.500482960000113, -0.952830979999931, 0.0 ], [ 135.500673912000025, -0.952804925999942, 0.0 ], [ 135.50102697300008, -0.952703595999935, 0.0 ], [ 135.501195889000087, -0.952655725999932, 0.0 ], [ 135.501333447000093, -0.952623661999951, 0.0 ], [ 135.501489030000016, -0.952623833999951, 0.0 ], [ 135.50165989300001, -0.952563388999977, 0.0 ], [ 135.50179834000005, -0.952567641999963, 0.0 ], [ 135.501905377000071, -0.952550707999933, 0.0 ], [ 135.501987020000115, -0.952555754999935, 0.0 ], [ 135.502116250000086, -0.952522330999955, 0.0 ], [ 135.502564746000076, -0.952476574999935, 0.0 ] ], [ [ 135.495214949000115, -0.94122682099993, 0.0 ], [ 135.495306112000094, -0.941341858999976, 0.0 ], [ 135.495425590000082, -0.941442969999969, 0.0 ], [ 135.495590451000112, -0.941523054999948, 0.0 ], [ 135.49571835900008, -0.941565771999933, 0.0 ], [ 135.495959538000079, -0.941718758999968, 0.0 ], [ 135.496221462000108, -0.941810940999972, 0.0 ], [ 135.496562146000088, -0.941896104999955, 0.0 ], [ 135.496955300000081, -0.941923100999929, 0.0 ], [ 135.497521049000056, -0.941986800999928, 0.0 ], [ 135.497923732000118, -0.942028615999959, 0.0 ], [ 135.498187078000115, -0.942103507999946, 0.0 ], [ 135.498489063000079, -0.942131426999936, 0.0 ], [ 135.499109278000105, -0.942226408999943, 0.0 ], [ 135.499537277000059, -0.942538958999933, 0.0 ], [ 135.499801969000032, -0.942804740999975, 0.0 ], [ 135.499987306000094, -0.942870568999979, 0.0 ], [ 135.500268768000069, -0.942976761999944, 0.0 ], [ 135.500543979000099, -0.943071139999972, 0.0 ], [ 135.50081147700007, -0.943006514999979, 0.0 ], [ 135.50085579500012, -0.943114719999926, 0.0 ], [ 135.500957167000024, -0.943313352999951, 0.0 ], [ 135.501065798000013, -0.943479427999932, 0.0 ], [ 135.501129607000053, -0.943629414999975, 0.0 ], [ 135.50125494100007, -0.943965667999976, 0.0 ], [ 135.501446058000056, -0.944420107999974, 0.0 ], [ 135.501493764000088, -0.944739900999934, 0.0 ], [ 135.501507980000042, -0.945219962999943, 0.0 ], [ 135.501533604000088, -0.945516409999925, 0.0 ], [ 135.501568492000047, -0.945903117999933, 0.0 ], [ 135.501607221000086, -0.946452147999935, 0.0 ], [ 135.50167276500008, -0.947801797999944, 0.0 ], [ 135.501745451000033, -0.948347761999969, 0.0 ], [ 135.501845889000037, -0.948929676999967, 0.0 ], [ 135.501969792000068, -0.949507429999926, 0.0 ], [ 135.502082447000021, -0.950127639999948, 0.0 ], [ 135.50233447100004, -0.951722142999927, 0.0 ], [ 135.502565266000033, -0.952492573999962, 0.0 ], [ 135.503245219000064, -0.954462815999932, 0.0 ], [ 135.504313187000093, -0.956502645999933, 0.0 ], [ 135.504513476000056, -0.956855295999958, 0.0 ], [ 135.504771215000119, -0.957188096999971, 0.0 ], [ 135.504989327000089, -0.957410076999963, 0.0 ], [ 135.505244015000017, -0.95761671899993, 0.0 ], [ 135.505738781000105, -0.957899045999966, 0.0 ], [ 135.505937359000086, -0.958082285999978, 0.0 ], [ 135.506128741000111, -0.95817935599996, 0.0 ], [ 135.506318403000023, -0.95827841199997, 0.0 ], [ 135.506654038000079, -0.958373989999927, 0.0 ], [ 135.506818109000051, -0.958532205999973, 0.0 ], [ 135.507197794000035, -0.958764934999977, 0.0 ], [ 135.50760055100011, -0.958977941999933, 0.0 ], [ 135.507879461000016, -0.959138496999969, 0.0 ], [ 135.50820722800006, -0.959246570999937, 0.0 ], [ 135.508415875000082, -0.959295678999979, 0.0 ], [ 135.5086291, -0.959281628999975, 0.0 ], [ 135.508711298000094, -0.959292131999973, 0.0 ], [ 135.50890301000004, -0.959305116999928, 0.0 ], [ 135.50900230100001, -0.959269085999949, 0.0 ], [ 135.509099125000034, -0.959229863999951, 0.0 ], [ 135.509209264000106, -0.959233749999953, 0.0 ], [ 135.509508560000086, -0.959427992999963, 0.0 ], [ 135.509740323000074, -0.959561100999963, 0.0 ], [ 135.509989546000043, -0.959794860999978, 0.0 ], [ 135.510070272, -0.959891841999934, 0.0 ], [ 135.51050181100004, -0.960178760999952, 0.0 ], [ 135.510582231000058, -0.960274494999965, 0.0 ], [ 135.510628372000042, -0.960397666999938, 0.0 ], [ 135.510755889000052, -0.960558238999965, 0.0 ], [ 135.510872904000053, -0.960661201999926, 0.0 ], [ 135.510928232000083, -0.960725028999946, 0.0 ], [ 135.511171785000101, -0.960860159999925, 0.0 ], [ 135.511285066000028, -0.96095211599993, 0.0 ], [ 135.51194977900002, -0.961347430999979, 0.0 ], [ 135.512228484000048, -0.96147844199993, 0.0 ], [ 135.512377628000081, -0.961584521999953, 0.0 ], [ 135.512453355000048, -0.961661693999929, 0.0 ], [ 135.512496537000061, -0.961746965999964, 0.0 ], [ 135.512520653000024, -0.961813806999942, 0.0 ], [ 135.512599952000073, -0.962077688999955, 0.0 ], [ 135.51266815800011, -0.962535895999963, 0.0 ], [ 135.512678876000109, -0.962865312999952, 0.0 ], [ 135.512543900000082, -0.96320641799997, 0.0 ], [ 135.512473547000013, -0.96346142699997, 0.0 ], [ 135.512374759000068, -0.963660751999953, 0.0 ], [ 135.512236165000104, -0.963924907999967, 0.0 ], [ 135.512141164000013, -0.964093383999966, 0.0 ], [ 135.512071503000016, -0.964281366999955, 0.0 ], [ 135.511903692000033, -0.964492391999954, 0.0 ], [ 135.511823992000018, -0.964599695999937, 0.0 ], [ 135.511760964000018, -0.964702686999942, 0.0 ], [ 135.511482029000035, -0.965112976999933, 0.0 ], [ 135.511042850000081, -0.965615763999949, 0.0 ], [ 135.510756661000073, -0.965854037999975, 0.0 ], [ 135.510056932000111, -0.966520537999941, 0.0 ], [ 135.509361288000036, -0.966935651999961, 0.0 ], [ 135.50854636300005, -0.967035366999937, 0.0 ] ], [ [ 135.491678272000058, -0.932378760999939, 0.0 ], [ 135.491829273, -0.932870473999969, 0.0 ], [ 135.491924088000019, -0.933021210999925, 0.0 ], [ 135.492098276000092, -0.933309779999945, 0.0 ], [ 135.492164595000077, -0.933527794999975, 0.0 ], [ 135.492266829000073, -0.933815111999934, 0.0 ], [ 135.492268795000086, -0.933751209999969, 0.0 ], [ 135.492274227000053, -0.933782957999938, 0.0 ], [ 135.492284928000117, -0.933845917999975, 0.0 ], [ 135.492318229000034, -0.934045890999926, 0.0 ], [ 135.492341452000119, -0.934106963999966, 0.0 ], [ 135.492352308000022, -0.934168935999935, 0.0 ], [ 135.492363075000071, -0.934230459999981, 0.0 ], [ 135.49240269400002, -0.934308120999958, 0.0 ], [ 135.492433876000064, -0.934339216999945, 0.0 ], [ 135.49250139500009, -0.934431882999945, 0.0 ], [ 135.492551566000088, -0.934505752999939, 0.0 ], [ 135.49261290700008, -0.934577032999925, 0.0 ], [ 135.493404437000095, -0.936153752999928, 0.0 ], [ 135.493437295000035, -0.936326465999969, 0.0 ], [ 135.493538097000055, -0.936462845999927, 0.0 ], [ 135.493686385000046, -0.936636467999961, 0.0 ], [ 135.493765302000043, -0.936725018999937, 0.0 ], [ 135.493828169000039, -0.936822872999926, 0.0 ], [ 135.493845909000015, -0.93684322799993, 0.0 ], [ 135.493964046000087, -0.936841362999928, 0.0 ], [ 135.494012797000096, -0.936838745999978, 0.0 ], [ 135.494197598000028, -0.937034644999926, 0.0 ], [ 135.494319414000074, -0.937179153999978, 0.0 ], [ 135.494408127000042, -0.937294717999976, 0.0 ], [ 135.494434591000072, -0.937397648999934, 0.0 ], [ 135.494519414000024, -0.937577721999958, 0.0 ], [ 135.494634231000077, -0.937789472999953, 0.0 ], [ 135.494718062000061, -0.937943378999933, 0.0 ], [ 135.494735137000021, -0.937956514999939, 0.0 ], [ 135.494735320000018, -0.937977911999951, 0.0 ], [ 135.494738412000061, -0.937999227999967, 0.0 ], [ 135.494747852000046, -0.938026686999933, 0.0 ], [ 135.49475789600001, -0.938037143999964, 0.0 ], [ 135.494770411000104, -0.938065041999948, 0.0 ], [ 135.494774595000081, -0.938075181999977, 0.0 ], [ 135.494782782000016, -0.938095075999968, 0.0 ], [ 135.494787683000027, -0.938111552999942, 0.0 ], [ 135.494788105000111, -0.938114853999934, 0.0 ], [ 135.494796393000115, -0.938134890999947, 0.0 ], [ 135.494809986000064, -0.938151896999955, 0.0 ], [ 135.494817265000052, -0.938165044999948, 0.0 ], [ 135.494818852000094, -0.938177948999964, 0.0 ], [ 135.494820432000097, -0.938190798999926, 0.0 ], [ 135.494828405000021, -0.93821012799998, 0.0 ], [ 135.494833318000019, -0.938226431999965, 0.0 ], [ 135.494835361000014, -0.938242465999963, 0.0 ], [ 135.494842505000065, -0.938255277999929, 0.0 ], [ 135.49484467100001, -0.938273845999959, 0.0 ], [ 135.494851862000019, -0.938286724999955, 0.0 ], [ 135.494856885000104, -0.938305434999961, 0.0 ], [ 135.494861214000025, -0.93832038599993, 0.0 ], [ 135.494861840000112, -0.938326321999966, 0.0 ], [ 135.494869503000018, -0.938347139999962, 0.0 ], [ 135.494870119000097, -0.938353027999938, 0.0 ], [ 135.494884491000107, -0.93838333399998, 0.0 ], [ 135.494892028000095, -0.938401476999957, 0.0 ], [ 135.494893447000095, -0.938413482999977, 0.0 ], [ 135.494901083000059, -0.938431741999977, 0.0 ], [ 135.494903455000099, -0.938452383999959, 0.0 ], [ 135.494907838000017, -0.938467137999965, 0.0 ], [ 135.494914642000026, -0.93847913999997, 0.0 ], [ 135.494916490000037, -0.93849402099994, 0.0 ], [ 135.494923352000114, -0.938506097999948, 0.0 ], [ 135.49493093500007, -0.938524061999942, 0.0 ], [ 135.494940033000034, -0.93853317199995, 0.0 ], [ 135.494954705000055, -0.938547520999975, 0.0 ], [ 135.494967892000091, -0.938573051999924, 0.0 ], [ 135.494971574000033, -0.938581836999958, 0.0 ], [ 135.494986197000117, -0.938596228999927, 0.0 ], [ 135.494987523000077, -0.938607680999951, 0.0 ], [ 135.494997174000105, -0.93862470199997, 0.0 ], [ 135.495003508000082, -0.938635870999974, 0.0 ], [ 135.495009211000024, -0.938641408999956, 0.0 ], [ 135.495018487000038, -0.938655534999953, 0.0 ], [ 135.495027137000079, -0.938664065999944, 0.0 ], [ 135.495028702000013, -0.938678081999967, 0.0 ], [ 135.495029941000098, -0.938689225999951, 0.0 ], [ 135.495031175, -0.938700318999963, 0.0 ], [ 135.495037456000091, -0.938711364999961, 0.0 ], [ 135.495038734000104, -0.938722473999974, 0.0 ], [ 135.495040062000044, -0.938733630999934, 0.0 ], [ 135.495044798000094, -0.938752894999936, 0.0 ], [ 135.495048350000047, -0.93876129399996, 0.0 ], [ 135.495049373000029, -0.938769615999945, 0.0 ], [ 135.495242069000028, -0.93967476399996, 0.0 ], [ 135.495262956000033, -0.93981009099997, 0.0 ], [ 135.495257439000056, -0.939889566999966, 0.0 ], [ 135.495306535000054, -0.940141107999978, 0.0 ], [ 135.49527937400012, -0.940216570999951, 0.0 ], [ 135.495280514000115, -0.940306985999939, 0.0 ], [ 135.495251403000111, -0.94040264299997, 0.0 ], [ 135.495232582000085, -0.940598873999932, 0.0 ], [ 135.495222548000015, -0.940712041999973, 0.0 ], [ 135.495192411000062, -0.94086803099998, 0.0 ], [ 135.495182973000055, -0.940954574999978, 0.0 ], [ 135.49514556400004, -0.941082601999938, 0.0 ], [ 135.495120605000011, -0.941128203999938, 0.0 ], [ 135.495129446000078, -0.941233969999928, 0.0 ], [ 135.495103700000072, -0.94136550099995, 0.0 ], [ 135.495078335000017, -0.941490729999941, 0.0 ], [ 135.495008688000098, -0.941643145999933, 0.0 ], [ 135.494956651000052, -0.941729596999949, 0.0 ], [ 135.494915295000055, -0.941810354999973, 0.0 ], [ 135.494874106000111, -0.941885858999967, 0.0 ], [ 135.494756932000087, -0.941971216999946, 0.0 ], [ 135.494732574000068, -0.942080140999963, 0.0 ], [ 135.494645810000065, -0.942137814999967, 0.0 ], [ 135.494587401000103, -0.942200925999941, 0.0 ], [ 135.494525907000025, -0.94228650499997, 0.0 ], [ 135.494433441000069, -0.942401282999924, 0.0 ], [ 135.494360734000111, -0.942540011999938, 0.0 ], [ 135.4943576820001, -0.942831472999956, 0.0 ], [ 135.494406930000082, -0.943200992999948, 0.0 ], [ 135.49441713900012, -0.943453100999932, 0.0 ], [ 135.494431156000019, -0.943663476999973, 0.0 ], [ 135.494450727000071, -0.944008305999944, 0.0 ], [ 135.494481903000064, -0.944329374999938, 0.0 ], [ 135.494479881000075, -0.94458818399994, 0.0 ], [ 135.494494327000098, -0.944848498999932, 0.0 ], [ 135.49447603100009, -0.945113209999931, 0.0 ], [ 135.49445499, -0.945364860999973, 0.0 ], [ 135.494449883000016, -0.945731163999938, 0.0 ], [ 135.49448583100002, -0.946007632999965, 0.0 ], [ 135.494542022000019, -0.946363318999943, 0.0 ], [ 135.494661006000115, -0.946652918999973, 0.0 ], [ 135.494810955000048, -0.946766615999934, 0.0 ], [ 135.494897143000117, -0.946800834999976, 0.0 ], [ 135.495254995000096, -0.947068926999975, 0.0 ], [ 135.49547682900004, -0.947276855999974, 0.0 ], [ 135.49559798000007, -0.947469542999954, 0.0 ], [ 135.495713999000031, -0.947820044999958, 0.0 ], [ 135.495818650000047, -0.948592670999972, 0.0 ], [ 135.495842726000092, -0.94906108899994, 0.0 ], [ 135.495826615000055, -0.949302882999973, 0.0 ], [ 135.495905026000059, -0.949905237999928, 0.0 ], [ 135.495985685000051, -0.950203527999975, 0.0 ], [ 135.496085801000049, -0.950367666999966, 0.0 ], [ 135.496160576000079, -0.950561496999967, 0.0 ], [ 135.496270654000114, -0.950958602999947, 0.0 ], [ 135.496297175000109, -0.951224327999967, 0.0 ], [ 135.496343145000083, -0.951459138999951, 0.0 ], [ 135.496394649000081, -0.951621098999965, 0.0 ], [ 135.49644606600009, -0.952243431999932, 0.0 ], [ 135.496440215000121, -0.952370129999963, 0.0 ], [ 135.496435425000072, -0.952473833999932, 0.0 ], [ 135.496445098000095, -0.952584096999942, 0.0 ], [ 135.496495690000074, -0.952797663999945, 0.0 ], [ 135.49650470600011, -0.952874987999962, 0.0 ], [ 135.496520888000077, -0.952972571999965, 0.0 ], [ 135.496548063000091, -0.953188642999976, 0.0 ], [ 135.496583017000034, -0.953409081999951, 0.0 ], [ 135.496667018000039, -0.954026840999973, 0.0 ], [ 135.496768625000072, -0.954876589999969, 0.0 ], [ 135.496782511000106, -0.955153869999947, 0.0 ], [ 135.496827744000029, -0.955532449999964, 0.0 ], [ 135.496849085, -0.955756892999943, 0.0 ], [ 135.496907989000078, -0.956659588999969, 0.0 ], [ 135.496963806000053, -0.95720468899998, 0.0 ], [ 135.497000056000047, -0.957922039999971, 0.0 ], [ 135.497006036000016, -0.958122277999962, 0.0 ], [ 135.496949929000039, -0.958875432999946, 0.0 ], [ 135.49692919600011, -0.959210197999937, 0.0 ], [ 135.496907432000057, -0.959517366999933, 0.0 ], [ 135.496873948000029, -0.959706559999972, 0.0 ], [ 135.4968644060001, -0.959892583999931, 0.0 ], [ 135.49683441500008, -0.960006785999951, 0.0 ], [ 135.496786512000085, -0.96008881399996, 0.0 ], [ 135.496753641000055, -0.960134460999939, 0.0 ], [ 135.496705117000033, -0.960191885999961, 0.0 ], [ 135.496627325000077, -0.960477081999954, 0.0 ], [ 135.496389973000078, -0.961308548999966, 0.0 ], [ 135.496229059000029, -0.96155306199995, 0.0 ] ], [ [ 135.497853834000011, -0.94213876699996, 0.0 ], [ 135.498263791000113, -0.942514180999979, 0.0 ], [ 135.498656162000088, -0.943014345999927, 0.0 ], [ 135.49883280500012, -0.943325837999964, 0.0 ], [ 135.498957804000042, -0.943684498999971, 0.0 ], [ 135.499074368000038, -0.944022964999931, 0.0 ], [ 135.499236520000068, -0.944495198999959, 0.0 ], [ 135.499158156000021, -0.94476879399997, 0.0 ], [ 135.499386068000035, -0.94541839599998, 0.0 ], [ 135.499574756000015, -0.945680473999971, 0.0 ], [ 135.499879054000075, -0.945931117999976, 0.0 ], [ 135.50023288400007, -0.946604209999975, 0.0 ], [ 135.500416458000018, -0.947067451999942, 0.0 ], [ 135.500611329000094, -0.947923971999955, 0.0 ], [ 135.500652855000112, -0.94838015199997, 0.0 ], [ 135.500720786000102, -0.948847594999961, 0.0 ], [ 135.500812952000047, -0.949232403999929, 0.0 ], [ 135.500918579000086, -0.94992420799997, 0.0 ], [ 135.501126609000039, -0.950564283999938, 0.0 ], [ 135.501256623000017, -0.950950650999971, 0.0 ], [ 135.501372561000039, -0.951301210999929, 0.0 ], [ 135.501508968000053, -0.951846351999961, 0.0 ], [ 135.501459882000063, -0.952595648999932, 0.0 ] ] ] } },
{ "type": "Feature", "properties": { "OID_": 1, "Shape_Leng": 0.0, "Panjang": 16.3, "Status": "Jalan Kabupaten", "Kd_Inf": "019", "Nm_Ruas": "Fanjur - Marur", "Fungsi": "Lokal Primer", "Mendukung": "PKW Ling", "Ura_Dukung": "Akses desa", "Kd_Bd_PU": "02", "Kd_Jns_Inf": "01", "Kab_Kot": "Supiori", "Kecamatan": "Supiori Utara", "Desa_Kel": "Fanjur", "Km_Awal": "0+000", "Km_Akhir": "16+300", "Nm_Lintas": "-", "Jns_Pen": "Pemeliharaan", "Kd_Patok": "-", "Propinsi": "Papua", "Tk_Ruas_Aw": null, "Tk_Ruas_Ak": null, "Kl_Dat_Das": "Jalan Non Tol", "Tipe_Keras": "Macadam", "Kon_Baik": 16.3, "Kon_Sdg": 0.0, "Kon_Rgn": 0.0, "Kon_Rusak": 0.0, "Kon_T_Mntp": 0.0, "Kon_Mntp": 16.3, "Koord_X_Aw": 135.672159497, "Koord_Y_Aw": -0.68451962356999996, "Koord_X_Ak": 135.66292163700001, "Koord_Y_Ak": -0.69392904566000002, "Lbr_Keras": 5.0, "LHRT": 50.0, "VCR": 0.0, "MST": 0.0, "Tanah_Kri": 0.0, "Macadam": 100.0, "Aspal": 0.0, "Rigid": 0.0, "Thn_Data": 2025, "Tipe_Jln": 2, "Thn_Pen_Ak": 2025 }, "geometry": { "type": "MultiLineString", "coordinates": [ [ [ 135.672159496867295, -0.684519623571482, 0.0 ], [ 135.672081826879918, -0.68473356178532, 0.0 ] ] ] } }
]
}
